tick,started_ns,completed_ns,elapsed_ms,cycle_interval_ms,deadline_missed,visual_mean,visual_change_mean,audio_mean,audio_change_mean,actuation_allowed,actuation_reason,wire_bytes
0,181173039828500,181173048106100,8.2776,0.0,False,0.007162666666666657,0.007162666666666657,0.14451712566838876,0.14451712566838876,True,allowed,766
1,181173059917600,181173066536400,6.6188,20.0891,False,0.007162666666666658,0.0037305555555555456,0.14456687859605083,0.0005328072400947563,True,allowed,982
2,181173079908900,181173086254600,6.3457,19.9913,False,0.007162666666666657,0.004302574074074068,0.14477031016085654,0.0005095346627024354,True,allowed,939
3,181173100280900,181173107237900,6.957,20.372,False,0.007162666666666658,0.004277703703703696,0.14456549571048258,0.0005354151355094409,True,allowed,1021
4,181173120311700,181173127043800,6.7321,20.0308,False,0.007162666666666658,0.004203092592592588,0.1445149420112324,0.0005229503342717075,True,allowed,1015
5,181173140278100,181173146809500,6.5314,19.9664,False,0.007162666666666658,0.0037305555555555456,0.14451712566838876,1.602356698395674e-05,True,allowed,1015
6,181173160282200,181173166893700,6.6115,20.0041,False,0.007162666666666657,0.004352314814814812,0.14456687859605086,0.0005328072400947586,True,allowed,977
7,181173180285800,181173186809700,6.5239,20.0036,False,0.007162666666666658,0.004053870370370361,0.14477031016085654,0.0005095346627024331,True,allowed,1036
8,181173200314000,181173206622300,6.3083,20.0282,False,0.007162666666666658,0.004252833333333327,0.14456549571048258,0.000535415135509434,True,allowed,1020
9,181173220440600,181173227126300,6.6857,20.1266,False,0.007162666666666658,0.003854907407407398,0.1445149420112324,0.0005229503342717145,True,allowed,1052
10,181173240392800,181173246863900,6.4711,19.9522,False,0.007162666666666657,0.004402055555555554,0.14451712566838876,1.602356698395674e-05,True,allowed,939
11,181173259898400,181173266487200,6.5888,19.5056,False,0.007162666666666658,0.0037305555555555456,0.14456687859605086,0.000532807240094754,True,allowed,1017
12,181173279896300,181173286356200,6.4599,19.9979,False,0.007162666666666657,0.004302574074074068,0.14477031016085654,0.0005095346627024378,True,allowed,955
13,181173299977000,181173306727000,6.75,20.0807,False,0.007162666666666658,0.004277703703703696,0.14456549571048252,0.0005354151355094826,True,allowed,1046
14,181173320015200,181173327157700,7.1425,20.0382,False,0.007162666666666658,0.004203092592592588,0.1445149420112324,0.0005229503342716659,True,allowed,1019
15,181173340280000,181173346760200,6.4802,20.2648,False,0.007162666666666658,0.0037305555555555456,0.14451712566838876,1.602356698395674e-05,True,allowed,1027
16,181173360018600,181173366530100,6.5115,19.7386,False,0.007162666666666657,0.004352314814814812,0.14456687859605089,0.0005328072400947852,True,allowed,975
17,181173380210500,181173386634500,6.424,20.1919,False,0.007162666666666658,0.004053870370370361,0.14477031016085654,0.0005095346627024066,True,allowed,1047
18,181173400308200,181173406740000,6.4318,20.0977,False,0.007162666666666658,0.004252833333333327,0.14456549571048252,0.0005354151355094722,True,allowed,1028
19,181173419949400,181173426555200,6.6058,19.6412,False,0.007162666666666658,0.003854907407407398,0.1445149420112324,0.0005229503342716763,True,allowed,1061
20,181173440205500,181173446962300,6.7568,20.2561,False,0.007162666666666657,0.004402055555555554,0.14451712566838876,1.602356698395674e-05,True,allowed,941
21,181173460168300,181173466718000,6.5497,19.9628,False,0.007162666666666658,0.0037305555555555456,0.14456687859605086,0.0005328072400947655,True,allowed,1007
22,181173480366000,181173486962100,6.5961,20.1977,False,0.007162666666666657,0.004302574074074068,0.14477031016085654,0.0005095346627024262,True,allowed,956
23,181173500355200,181173506891800,6.5366,19.9892,False,0.007162666666666658,0.004277703703703696,0.14456549571048255,0.0005354151355094617,True,allowed,1044
24,181173520410200,181173526942800,6.5326,20.055,False,0.007162666666666658,0.004203092592592588,0.1445149420112324,0.0005229503342716867,True,allowed,1027
25,181173540359400,181173546939600,6.5802,19.9492,False,0.007162666666666658,0.0037305555555555456,0.09404207218717307,0.15775326108149154,True,allowed,1015
26,181173560352600,181173566674900,6.3223,19.9932,False,0.007162666666666657,0.004352314814814812,0.0948687429296427,0.0009261570410730386,True,allowed,986
27,181173579887400,181173586577700,6.6903,19.5348,False,0.007162666666666658,0.004053870370370361,0.09335624045303413,0.0017316583294028334,True,allowed,1044
28,181173599962100,181173606468100,6.506,20.0747,False,0.007162666666666658,0.004252833333333327,0.09492119844649095,0.0017850471024821613,True,allowed,1038
29,181173620037900,181173626678100,6.6402,20.0758,False,0.007162666666666658,0.003854907407407398,0.09394813391166323,0.0010912492312607758,True,allowed,1083
30,181173640247800,181173646948000,6.7002,20.2099,False,0.007162666666666657,0.004402055555555554,0.09404207218717585,0.00011170341711490881,True,allowed,957
31,181173660236300,181173666756200,6.5199,19.9885,False,0.007162666666666658,0.0037305555555555456,0.09486874292964294,0.0009261570410667914,True,allowed,1015
32,181173680165800,181173686831900,6.6661,19.9295,False,0.007162666666666657,0.004302574074074068,0.09335624045303414,0.001731658329403071,True,allowed,964
33,181173700380600,181173706960300,6.5797,20.2148,False,0.007162666666666658,0.004277703703703696,0.09492119844649129,0.001785047102482478,True,allowed,1048
34,181173719934300,181173726918900,6.9846,19.5537,False,0.007162666666666658,0.004203092592592588,0.09394813391166351,0.0010912492312604813,True,allowed,1048
35,181173739937000,181173746578800,6.6418,20.0027,False,0.007162666666666658,0.0037305555555555456,0.0940420721871756,0.00011170341711368694,True,allowed,1047
36,181173760163000,181173766902600,6.7396,20.226,False,0.007162666666666657,0.004352314814814812,0.09486874292964237,0.0009261570410667566,True,allowed,993
37,181173779973600,181173786416600,6.443,19.8106,False,0.007162666666666658,0.004053870370370361,0.09335624045303414,0.0017316583294024182,True,allowed,1051
38,181173800000300,181173806594700,6.5944,20.0267,False,0.007162666666666658,0.004252833333333327,0.09492119844649022,0.0017850471024813076,True,allowed,1032
39,181173820062300,181173826672100,6.6098,20.062,False,0.007162666666666658,0.003854907407407398,0.09394813391166217,0.0010912492312623121,True,allowed,1088
40,181173840042300,181173846852100,6.8098,19.98,False,0.007162666666666657,0.004402055555555554,0.09404207218717532,0.00011170341711604985,True,allowed,960
41,181173860239500,181173866912300,6.6728,20.1972,False,0.007162666666666658,0.0037305555555555456,0.09486874292964204,0.0009261570410670655,True,allowed,1019
42,181173880160400,181173886660300,6.4999,19.9209,False,0.007162666666666657,0.004302574074074068,0.09335624045303416,0.0017316583294020808,True,allowed,966
43,181173900260600,181173907696700,7.4361,20.1002,False,0.007162666666666658,0.004277703703703696,0.09492119844649162,0.0017850471024828108,True,allowed,1044
44,181173920223500,181173926837700,6.6142,19.9629,False,0.007162666666666658,0.004203092592592588,0.09394813391166246,0.001091249231263232,True,allowed,1043
45,181173940156600,181173946879800,6.7232,19.9331,False,0.007162666666666658,0.0037305555555555456,0.09404207218717507,0.00011170341711482191,True,allowed,1030
46,181173960142300,181173966667800,6.5255,19.9857,False,0.007162666666666657,0.004352314814814812,0.09486874292964227,0.0009261570410679223,True,allowed,996
47,181173980152400,181173986747900,6.5955,20.0101,False,0.007162666666666658,0.004053870370370361,0.09335624045303419,0.0017316583294023002,True,allowed,1052
48,181174000255700,181174006684000,6.4283,20.1033,False,0.007162666666666658,0.004252833333333327,0.09492119844649137,0.001785047102482517,True,allowed,1036
49,181174020332500,181174027269500,6.937,20.0768,False,0.007162666666666658,0.003854907407407398,0.09394813391166273,0.0010912492312623403,True,allowed,1080
50,181174040273300,181174046747100,6.4738,19.9408,False,0.007162666666666657,0.004402055555555554,0.14451712566838876,0.15784977212772952,True,allowed,943
51,181174059891800,181174066428900,6.5371,19.6185,False,0.007162666666666658,0.0037305555555555456,0.14456687859605064,0.0005328072400946314,True,allowed,996
52,181174079915200,181174086410200,6.495,20.0234,False,0.007162666666666657,0.014325333333333317,0.14477031016085654,0.0005095346627025523,True,allowed,935
53,181174100304300,181174106833100,6.5288,20.3891,False,0.007162666666666658,0.0037305555555555456,0.14456549571048258,0.0005354151355094456,True,allowed,1011
54,181174120458700,181174127113500,6.6548,20.1544,False,0.007162666666666657,0.004302574074074068,0.1445149420112324,0.0005229503342716948,True,allowed,919
55,181174140072500,181174146522800,6.4503,19.6138,False,0.007162666666666658,0.004277703703703696,0.14451712566838876,1.602356698395674e-05,True,allowed,1036
56,181174159992100,181174166407600,6.4155,19.9196,False,0.007162666666666658,0.004203092592592588,0.14456687859605086,0.0005328072400947655,True,allowed,1026
57,181174180017400,181174186487900,6.4705,20.0253,False,0.007162666666666658,0.0037305555555555456,0.14477031016085654,0.0005095346627024262,True,allowed,1013
58,181174200037500,181174206565000,6.5275,20.0201,False,0.007162666666666657,0.004352314814814812,0.14456549571048258,0.0005354151355094409,True,allowed,985
59,181174220107700,181174226712000,6.6043,20.0702,False,0.007162666666666658,0.004053870370370361,0.1445149420112324,0.0005229503342717075,True,allowed,1036
60,181174240079500,181174246827500,6.748,19.9718,False,0.007162666666666658,0.014325333333333317,0.14451712566838876,1.602356698395674e-05,True,allowed,1021
61,181174260107300,181174266524100,6.4168,20.0278,False,0.007162666666666657,0.004203092592592588,0.14456687859605105,0.000532807240094872,True,allowed,1021
62,181174280270100,181174286905100,6.635,20.1628,False,0.007162666666666658,0.004302574074074067,0.14477031016085654,0.0005095346627023272,True,allowed,1012
63,181174300309000,181174306931300,6.6223,20.0389,False,0.007162666666666658,0.003979259259259253,0.1445654957104826,0.0005354151355094298,True,allowed,1007
64,181174320315000,181174327208200,6.8932,20.006,False,0.007162666666666658,0.0037305555555555473,0.1445149420112324,0.0005229503342717261,True,allowed,1008
65,181174340350800,181174347948400,7.5976,20.0358,False,0.007162666666666657,0.004352314814814812,0.14451712566838876,1.602356698395674e-05,True,allowed,1011
66,181174360323400,181174366621800,6.2984,19.9726,False,0.007162666666666658,0.0039543888888888806,0.1445668785960508,0.0005328072400947332,True,allowed,1069
67,181174380396800,181174387002400,6.6056,20.0734,False,0.007162666666666658,0.0040787407407407335,0.14477031016085648,0.0005095346627024209,True,allowed,1072
68,181174400419500,181174406928600,6.5091,20.0227,False,0.007162666666666657,0.004028999999999993,0.14456549571048263,0.0005354151355093847,True,allowed,1019
69,181174419922800,181174426614500,6.6917,19.5033,False,0.007162666666666658,0.004128481481481478,0.1445149420112324,0.0005229503342717261,True,allowed,1069
70,181174440003300,181174446705100,6.7018,20.0805,False,0.007162666666666658,0.0037305555555555464,0.14451712566838876,1.602356698395674e-05,True,allowed,1045
71,181174460246300,181174467186200,6.9399,20.243,False,0.007162666666666657,0.004203092592592588,0.14456687859605102,0.0005328072400948581,True,allowed,1014
72,181174479925900,181174486532100,6.6062,19.6796,False,0.007162666666666658,0.004302574074074067,0.14477031016085654,0.0005095346627023485,True,allowed,1016
73,181174499962700,181174506561000,6.5983,20.0368,False,0.007162666666666658,0.003979259259259253,0.14456549571048238,0.0005354151355095586,True,allowed,1018
74,181174519997400,181174526546600,6.5492,20.0347,False,0.007162666666666658,0.0037305555555555473,0.1445149420112324,0.0005229503342716046,True,allowed,1016
75,181174540065900,181174546612800,6.5469,20.0685,False,0.007162666666666657,0.004352314814814812,0.09404207218717654,0.15775326108148344,True,allowed,993
76,181174559972200,181174566534400,6.5622,19.9063,False,0.007162666666666658,0.0039543888888888806,0.09486874292964316,0.0009261570410653486,True,allowed,1077
77,181174579981700,181174586420000,6.4383,20.0095,False,0.007162666666666658,0.0040787407407407335,0.0933562404530341,0.0017316583294032589,True,allowed,1082
78,181174600106900,181174606643100,6.5362,20.1252,False,0.007162666666666657,0.004028999999999993,0.09492119844649276,0.0017850471024840598,True,allowed,1034
79,181174620213300,181174626620100,6.4068,20.1064,False,0.007162666666666658,0.004128481481481478,0.09394813391166114,0.0010912492312672468,True,allowed,1094
80,181174639990700,181174646734700,6.744,19.7774,False,0.007162666666666658,0.0037305555555555464,0.09404207218717629,0.0001117034171204925,True,allowed,1074
81,181174659879800,181174666204700,6.3249,19.8891,False,0.007162666666666657,0.004203092592592588,0.09486874292964119,0.000926157041063949,True,allowed,1041
82,181174679889600,181174686376100,6.4865,20.0098,False,0.007162666666666658,0.004302574074074067,0.09335624045303413,0.0017316583294012444,True,allowed,1030
83,181174699949000,181174706198300,6.2493,20.0594,False,0.007162666666666658,0.003979259259259253,0.09492119844649251,0.0017850471024837987,True,allowed,1017
84,181174719922500,181174726876500,6.954,19.9735,False,0.007162666666666658,0.0037305555555555473,0.09394813391166142,0.001091249231266374,True,allowed,1027
85,181174740237000,181174747111800,6.8748,20.3145,False,0.007162666666666657,0.004352314814814812,0.09404207218717602,0.00011170341711924416,True,allowed,1022
86,181174760209800,181174766485700,6.2759,19.9728,False,0.007162666666666658,0.0039543888888888806,0.09486874292964143,0.0009261570410648317,True,allowed,1086
87,181174779948100,181174786374100,6.426,19.7383,False,0.007162666666666658,0.0040787407407407335,0.09335624045303413,0.0017316583294014858,True,allowed,1087
88,181174800035600,181174806401000,6.3654,20.0875,False,0.007162666666666657,0.004028999999999993,0.09492119844649226,0.0017850471024835203,True,allowed,1029
89,181174820070000,181174826865200,6.7952,20.0344,False,0.007162666666666658,0.004128481481481478,0.0939481339116617,0.0010912492312654912,True,allowed,1085
90,181174840360900,181174847102600,6.7417,20.2909,False,0.007162666666666658,0.0037305555555555464,0.09404207218717575,0.00011170341711802205,True,allowed,1053
91,181174860132000,181174866528200,6.3962,19.7711,False,0.007162666666666657,0.004203092592592588,0.09486874292964166,0.0009261570410656915,True,allowed,1032
92,181174880192100,181174886648400,6.4563,20.0601,False,0.007162666666666658,0.004302574074074067,0.09335624045303414,0.0017316583294017176,True,allowed,1014
93,181174900393600,181174906759200,6.3656,20.2015,False,0.007162666666666658,0.003979259259259253,0.09492119844649201,0.001785047102483248,True,allowed,1022
94,181174919958300,181174926446000,6.4877,19.5647,False,0.007162666666666658,0.0037305555555555473,0.093948133911662,0.0010912492312646195,True,allowed,1028
95,181174940219100,181174946876600,6.6575,20.2608,False,0.007162666666666657,0.004352314814814812,0.09404207218717547,0.00011170341711677706,True,allowed,1015
96,181174960065500,181174966638100,6.5726,19.8464,False,0.007162666666666658,0.0039543888888888806,0.09486874292964191,0.0009261570410665536,True,allowed,1077
97,181174980109000,181174986726500,6.6175,20.0435,False,0.007162666666666658,0.0040787407407407335,0.09335624045303416,0.0017316583294019366,True,allowed,1079
98,181175000160400,181175006692500,6.5321,20.0514,False,0.007162666666666657,0.004028999999999993,0.09492119844649177,0.001785047102482967,True,allowed,1031
99,181175020214700,181175026995600,6.7809,20.0543,False,0.007162666666666658,0.004128481481481478,0.09394813391166228,0.0010912492312637446,True,allowed,1089
100,181175040105100,181175046654700,6.5496,19.8904,False,0.007162666666666658,0.0037305555555555464,0.14451712566838876,0.15784977212773052,True,allowed,1044
101,181175060047900,181175066525300,6.4774,19.9428,False,0.007162666666666657,0.004203092592592588,0.1445668785960509,0.0005328072400947875,True,allowed,1028
102,181175080052100,181175086663400,6.6113,20.0042,False,0.007162666666666658,0.004302574074074067,0.14477031016085662,0.000509534662702493,True,allowed,1028
103,181175100184600,181175106823000,6.6384,20.1325,False,0.007162666666666658,0.003979259259259253,0.14456549571048202,0.0005354151355098512,True,allowed,1007
104,181175120163800,181175126894000,6.7302,19.9792,False,0.007162666666666658,0.014325333333333317,0.1445149420112324,0.0005229503342713861,True,allowed,985
105,181175140174500,181175146858400,6.6839,20.0107,False,0.007162666666666658,0.003979259259259253,0.14451712566838876,1.602356698395674e-05,True,allowed,1012
106,181175160186500,181175166698500,6.512,20.012,False,0.007162666666666658,0.0037305555555555473,0.14456687859605086,0.0005328072400947725,True,allowed,1018
107,181175180247900,181175186744900,6.497,20.0614,False,0.007162666666666657,0.004352314814814812,0.14477031016085654,0.0005095346627024111,True,allowed,1000
108,181175199963800,181175206378600,6.4148,19.7159,False,0.007162666666666658,0.0039543888888888806,0.14456549571048255,0.0005354151355094491,True,allowed,1076
109,181175219939300,181175226573200,6.6339,19.9755,False,0.007162666666666658,0.0040787407407407335,0.1445149420112324,0.0005229503342716914,True,allowed,1055
110,181175240024200,181175247012200,6.988,20.0849,False,0.007162666666666657,0.004028999999999993,0.14451712566838876,1.602356698395674e-05,True,allowed,1020
111,181175259907200,181175266234300,6.3271,19.883,False,0.007162666666666658,0.004128481481481478,0.14456687859605086,0.000532807240094769,True,allowed,1080
112,181175279906000,181175286571600,6.6656,19.9988,False,0.007162666666666658,0.0037305555555555464,0.14477031016085654,0.0005095346627024227,True,allowed,1041
113,181175299974900,181175306499500,6.5246,20.0689,False,0.007162666666666657,0.004203092592592588,0.14456549571048258,0.0005354151355094467,True,allowed,1031
114,181175320050100,181175326830400,6.7803,20.0752,False,0.007162666666666658,0.004302574074074067,0.1445149420112324,0.0005229503342717018,True,allowed,1005
115,181175340294400,181175346946000,6.6516,20.2443,False,0.007162666666666658,0.003979259259259253,0.14451712566838876,1.602356698395674e-05,True,allowed,1018
116,181175360307200,181175366869200,6.562,20.0128,False,0.007162666666666658,0.0037305555555555473,0.1445668785960513,0.0005328072400950142,True,allowed,1019
117,181175380356700,181175386840100,6.4834,20.0495,False,0.007162666666666657,0.004352314814814812,0.14477031016085654,0.0005095346627021776,True,allowed,986
118,181175400395000,181175406931700,6.5367,20.0383,False,0.007162666666666658,0.0039543888888888806,0.14456549571048258,0.000535415135509434,True,allowed,1064
119,181175420428700,181175426898300,6.4696,20.0337,False,0.007162666666666658,0.014325333333333317,0.1445149420112324,0.0005229503342717145,True,allowed,1015
120,181175439920400,181175446423600,6.5032,19.4917,False,0.007162666666666657,0.004203092592592587,0.14451712566838876,1.602356698395674e-05,True,allowed,998
121,181175460285000,181175466661600,6.3766,20.3646,False,0.007162666666666658,0.004203092592592587,0.1445668785960508,0.0005328072400947401,True,allowed,1056
122,181175480344000,181175486881700,6.5377,20.059,False,0.007162666666666657,0.00380516666666666,0.14477031016085645,0.0005095346627023556,True,allowed,1049
123,181175499983100,181175506378600,6.3955,19.6391,False,0.007162666666666658,0.0039046481481481415,0.1445654957104821,0.0005354151355096121,True,allowed,1059
124,181175520303900,181175527036800,6.7329,20.3208,False,0.007162666666666657,0.0042777037037036985,0.1445149420112324,0.0005229503342714404,True,allowed,973
125,181175540142300,181175546911400,6.7691,19.8384,False,0.00716266666666666,0.003954388888888881,0.09404207218718001,0.1577532610814753,True,allowed,970
126,181175560140200,181175566868000,6.7278,19.9979,False,0.007162666666666657,0.003954388888888881,0.09486874292964004,0.0009261570410539279,True,allowed,990
127,181175580138200,181175586654400,6.5162,19.998,False,0.007162666666666658,0.0042777037037036985,0.09335624045303421,0.0017316583293997866,True,allowed,1026
128,181175600266100,181175606862500,6.5964,20.1279,False,0.007162666666666657,0.0039046481481481415,0.0949211984464927,0.0017850471024837267,True,allowed,1091
129,181175620264700,181175626773800,6.5091,19.9986,False,0.007162666666666658,0.00380516666666666,0.09394813391166396,0.0010912492312608795,True,allowed,1054
130,181175640027200,181175646773400,6.7462,19.7625,False,0.007162666666666657,0.004203092592592587,0.09404207218717364,0.00011170341710812365,True,allowed,1031
131,181175659971600,181175666748100,6.7765,19.9444,False,0.007162666666666658,0.004203092592592587,0.0948687429296403,0.000926157041069079,True,allowed,1069
132,181175679952800,181175686453400,6.5006,19.9812,False,0.007162666666666657,0.00380516666666666,0.09335624045303426,0.0017316583294000277,True,allowed,1046
133,181175700019800,181175706512000,6.4922,20.067,False,0.007162666666666658,0.0039046481481481415,0.09492119844649338,0.0017850471024846084,True,allowed,1042
134,181175720063100,181175726739800,6.6767,20.0433,False,0.007162666666666657,0.0042777037037036985,0.09394813391166425,0.001091249231261171,True,allowed,999
135,181175740328200,181175746801200,6.473,20.2651,False,0.00716266666666666,0.003954388888888881,0.09404207218717338,0.00011170341710690095,True,allowed,1002
136,181175760339100,181175766883300,6.5442,20.0109,False,0.007162666666666657,0.003954388888888881,0.09486874292964159,0.0009261570410712266,True,allowed,1002
137,181175780090800,181175786567900,6.4771,19.7517,False,0.007162666666666658,0.0042777037037036985,0.09335624045303426,0.001731658329401557,True,allowed,1040
138,181175800145700,181175806673600,6.5279,20.0549,False,0.007162666666666657,0.0039046481481481415,0.09492119844649312,0.0017850471024843395,True,allowed,1071
139,181175820186700,181175826842000,6.6553,20.041,False,0.007162666666666658,0.00380516666666666,0.09394813391165796,0.0010912492312746959,True,allowed,1049
140,181175840259400,181175846889100,6.6297,20.0727,False,0.007162666666666657,0.004203092592592587,0.09404207218717313,0.00011170341712007361,True,allowed,1026
141,181175860027700,181175866345400,6.3177,19.7683,False,0.007162666666666658,0.004203092592592587,0.09486874292964183,0.0009261570410720819,True,allowed,1085
142,181175880036000,181175886814700,6.7787,20.0083,False,0.007162666666666657,0.00380516666666666,0.09335624045303396,0.0017316583294022126,True,allowed,1068
143,181175900119300,181175906650500,6.5312,20.0833,False,0.007162666666666658,0.0039046481481481415,0.09492119844648957,0.0017850471024809377,True,allowed,1054
144,181175920133600,181175926972000,6.8384,20.0143,False,0.007162666666666657,0.0042777037037036985,0.09394813391165825,0.0010912492312702595,True,allowed,997
145,181175940455100,181175946854600,6.3995,20.3215,False,0.00716266666666666,0.003954388888888881,0.09404207218717897,0.00011170341713311245,True,allowed,992
146,181175959885500,181175966275100,6.3896,19.4304,False,0.007162666666666657,0.003954388888888881,0.09486874292964426,0.0009261570410608954,True,allowed,998
147,181175979912900,181175986227500,6.3146,20.0274,False,0.007162666666666658,0.0042777037037036985,0.09335624045303396,0.001731658329404656,True,allowed,1028
148,181175999952200,181176007042500,7.0903,20.0393,False,0.007162666666666657,0.0039046481481481415,0.0949211984464917,0.0017850471024830423,True,allowed,1070
149,181176019994300,181176026410000,6.4157,20.0421,False,0.007162666666666658,0.00380516666666666,0.09394813391167166,0.0010912492312429563,True,allowed,1055
