tick,phase,teaching_active,body_x,body_y,brain_tendency_x,brain_tendency_y,executed_x,executed_y,displacement_x,displacement_y,emotion_0,emotion_1,emotion_2,visual_change,audio_change,prediction_activity,prediction_centroid_x,prediction_centroid_y,memory_context_frames,active_neurons,active_paths,plastic_trace_total,structural_tendency_total,loop_milliseconds
0,waking,True,18.0,51.008,0.0035969190424283313,0.007280596560114513,0.0,0.72,0.0,1.0080000000000027,0.13863965168413592,0.10042416417340203,0.1533148725237083,2.0566666666666666,1.5100361152704556,0.02120364666166436,57.76792185231221,38.85446205667662,0,18,169,0.0,94.84523917150408,2.6271000097040087
1,waking,True,18.190369766136314,52.00749438886451,0.006798545757593945,0.009627589100306425,0.1359784043830804,0.7139245634746474,0.19036976613631396,0.9994943888645054,0.2760571984779039,0.16093051199232264,0.3252108059025721,0.0,0.013561072736773122,0.05258594701792469,57.128681373188364,39.27805446609542,1,25,191,0.00667957637149006,94.84523917150408,2.6768000097945333
2,waking,True,18.5642575993046,52.9816154868241,0.01007287407552775,0.0068219824407157095,0.26706273797734753,0.6958007842568494,0.3738878331682862,0.9741210979595891,0.3620684597187418,0.20308605935701707,0.44298042702867824,0.0,0.013084855791916414,0.08295829547766424,56.52520461953644,39.348634781054635,2,27,207,0.027357770530730883,94.84523917150408,2.581499982625246
3,waking,True,19.10820670442844,53.91392381916027,0.01118712845636569,0.0012429010717006535,0.38853507508845786,0.6659345230972653,0.5439491051238399,0.93230833233617,0.4241772254742344,0.23438228646717724,0.5302466602497348,0.8066666666666666,0.01327588670163879,0.10887126741825687,55.93242232518105,40.121183413308934,3,29,239,0.0688144878039889,94.84523917150408,2.827799995429814
4,waking,True,19.787163542190264,54.7691908023044,0.010564925984813225,-0.0044972011628945435,0.484969169829874,0.6109049879600943,0.6789568377618238,0.8552669831441335,0.46471301316284114,0.2581908273565217,0.5959595237465038,0.0,0.013482497749531683,0.13063199007153506,55.49348541331671,40.979201235146306,4,29,262,0.1379310573761464,94.84523917150408,2.595999976620078
5,waking,True,20.567593821713604,55.5329922024099,0.00866286975444645,-0.008710381908515221,0.5574501996595301,0.5455724286467839,0.7804302795233404,0.7638014001054998,0.4935973016537997,0.2758943564335125,0.645760039347592,0.0,0.013909823198208576,0.1499703238367391,55.356753929635005,41.89246097094049,5,27,268,0.23684374710540487,94.84523917150408,2.751799998804927
6,waking,True,21.42763699041306,56.20588873827065,0.005866055761628103,-0.011826598281578622,0.6143165490710404,0.48064038275767884,0.8600431686994554,0.672896535860751,0.5135294509515772,0.2886168174479416,0.6827710101813426,0.0,0.014669833563906366,0.1666134797679966,55.35017847767874,42.70461877470055,6,30,268,0.36569960315395866,94.84523917150408,2.8357999981381
7,waking,True,22.350743946889736,56.78927330003447,0.002511607632766843,-0.013968270908737531,0.6593621117690555,0.4167032584027293,0.9231069564766763,0.5833845617638218,0.527502735030559,0.29781371568039194,0.710367627411077,0.0,0.01633269968784843,0.18032475606313694,55.36651393597536,43.36091942712694,7,30,268,0.5199279772675455,94.84523917150408,2.7421000122558326
8,waking,True,23.324765561936566,57.282979582576594,-0.0010865658897309637,-0.015149400335070095,0.695729725033451,0.3526473446729448,0.9740216150468299,0.4937062825421208,0.5371832096021666,0.3044179389430046,0.7305079716621546,0.0,0.017741088635704547,0.1913243354354282,55.37566030550936,43.873233444785335,8,29,268,0.6908904046668476,94.84523917150408,2.8756999818142503
9,waking,True,24.323014980525972,57.67625248035929,-0.004626222539897971,-0.01536678591486205,0.7130352989924338,0.28090921270192576,0.9982494185894062,0.39327289778269403,0.543485523205783,0.30902490631777046,0.7443114560341145,0.0,0.018934975106261707,0.2000093713225543,55.37292719101291,44.2672926048729,9,30,268,0.8673794027494992,94.84523917150408,2.7823999989777803
10,waking,True,25.276885468914887,57.945891299612875,-0.007810572667643343,-0.01464337934153804,0.6813360631349384,0.1925991566097029,0.9538704883889153,0.26963881925358635,0.5446245991047998,0.31089710611454957,0.7499921275289804,0.0,0.019603528240668078,0.20680721438579067,55.361486225504066,44.56734188042561,10,29,268,1.0363158775047103,94.84523917150408,2.7740999939851463
11,waking,True,26.152045769028064,58.08734555830638,-0.010352648849066885,-0.011659615284320317,0.6251145000808411,0.10103875620965029,0.8751603001131762,0.14145425869350703,0.5426651172916857,0.3103226220976141,0.7483151051986462,0.0,0.018932244529641575,0.21209981453248591,55.34804010244977,44.79050315366117,11,29,268,1.1847688564045609,94.84523917150408,2.792300016153604
12,waking,True,26.916997522874432,58.098228044301116,-0.01148377884555986,-0.006794653802333441,0.5463941098902637,0.007773204281952522,0.7649517538463684,0.010882485994734736,0.5380834189657459,0.30877885486982704,0.743577446596281,0.0,0.017494080354604487,0.21622226547724402,55.339057371038535,44.94970670858442,12,29,268,1.307334947712497,94.84523917150408,2.9584000003524125
13,waking,True,27.544208946636292,57.97835510245013,-0.010436349831031009,-0.0010214157895903847,0.4480081598298993,-0.0856235298935608,0.6272114237618602,-0.11987294185098563,0.532052302175053,0.3062357756858931,0.7358369252104089,1.5,0.015333978488245421,0.21924880829096502,55.32844471629773,45.85096939623386,12,35,282,1.4191163005162568,94.84523917150408,2.8931999986525625
14,waking,True,28.01110574168608,57.729749734001544,-0.008139455179338829,0.004898814457155504,0.3334977107498485,-0.1775752631775605,0.466896795049788,-0.24860536844858672,0.5214351657753882,0.3024569896858603,0.7238776118798285,0.0,0.012537459209694707,0.2220720552816226,55.38140421224216,46.89703546552234,12,35,282,1.5288694702513852,94.84523917150408,2.9390999989118427
15,waking,True,28.300883578127365,57.356607455999445,-0.00520483124542683,0.00954494714075935,0.20698416888663196,-0.2665301985729267,0.2897778364412851,-0.3731422780020992,0.5106048805307095,0.29787825701077253,0.7094771580912057,2.2399999999999998,0.009354456298762644,0.21954526410180242,56.931548984148876,47.231560558788026,12,46,315,1.6312244752026563,94.84523917150408,3.021399985300377
16,waking,True,28.4031129083345,56.86522549684641,-0.002624896746974718,0.012238858118001595,0.07302095014795333,-0.35098711368073876,0.10222933020713398,-0.4913819591530313,0.49621823052604425,0.2926653984825759,0.6923095067255504,0.0,0.009258498042248715,0.21706284771731404,58.93501990614076,47.4262134980174,12,44,325,1.7293313499628378,94.84523917150408,2.9596000094898045
17,waking,True,28.31411434232643,56.26389652293838,-0.0013230419512111186,0.013478081611844476,-0.06357040429147746,-0.4295206956485951,-0.08899856600806899,-0.6013289739080321,0.4826954635740032,0.2877283671572108,0.67524249254277,0.0,0.010987090619959193,0.2169386254668066,60.97737758707935,47.461907708551124,12,43,320,1.8211683585989933,94.84523917150408,2.8707000019494444
18,waking,True,28.03709107464072,55.56276868986377,-0.0006664878596833214,0.013508280821106887,-0.19787376263264927,-0.5008055950532894,-0.27702326768570984,-0.701127833074608,0.4716733978671525,0.28369836351372746,0.6599868563818757,0.0,0.012617962835876545,0.21806373388923417,62.80027020633724,47.3877915441306,12,38,320,1.9048263457144163,94.84523917150408,3.071199986152351
19,waking,True,27.582013596462005,54.773674379972604,0.001365691568255601,0.012487623615988569,-0.3250553415562247,-0.563638792779407,-0.45507747817871547,-0.7890943098911691,0.4638532524475409,0.2808711572585803,0.6473308050971874,0.0,0.015110683372268612,0.21958156982848112,64.30289694189436,47.27461478085205,12,33,314,1.9808415966175252,94.84523917150408,2.963599981740117
20,waking,True,26.965260842391743,53.90993051657671,0.0041894150428721045,0.010568718985347473,-0.4405376814787576,-0.616959902425642,-0.6167527540702622,-0.8637438633958965,0.45924715580896003,0.27928610313819296,0.6373811190975995,0.0,0.01810140550382687,0.2211142203629934,65.48639696417746,47.15991916220605,12,30,313,2.051869798259085,94.84523917150408,3.2054999901447445
21,waking,True,26.273556921378926,53.06493957836761,0.007316936679217935,0.007938972142684759,-0.4940742292948693,-0.6035649558636426,-0.6917039210128166,-0.8449909382091008,0.4574903563587781,0.27883418563179235,0.6298746183868307,0.0,0.0204381809967042,0.2225163316164669,66.39185761048788,47.061347698029536,12,29,313,2.1191872835042083,94.84523917150408,2.8695999935735017
22,waking,True,25.544430439519452,52.252019795454665,0.010356670024410694,0.0037173893443128133,-0.5208046298996247,-0.5806569877949589,-0.729126481859474,-0.8129197829129424,0.4556874333990537,0.2784456104132441,0.6219574829187933,0.0,0.02032690236993804,0.2237597400883295,67.07083228288364,46.98413388194502,12,29,299,2.1840980983004408,94.84523917150408,3.111800004262477
23,waking,True,24.79111884498977,51.46145946154766,0.01154621810370025,-0.0011945521782800819,-0.5380797103783422,-0.5646859527907166,-0.7533115945296807,-0.7905603339070026,0.45323816604342493,0.2778775742107834,0.6131191312799863,0.0,0.01958603753332476,0.22485529429028417,67.57074994926629,46.92903921047509,12,29,292,2.2491963786413227,94.84523917150408,2.9227999912109226
24,waking,True,24.023381018463965,50.684901266869744,0.011046299770914623,-0.005247283037078446,-0.5483841618041476,-0.5546844247699427,-0.7677378265258064,-0.7765581946779179,0.4513813073753163,0.2772435470143581,0.6040220018957191,1.0666666666666667,0.01904002329478409,0.22539839992641353,68.50326857119397,46.93620395589035,12,33,298,2.32671746070608,94.84523917150408,2.9292999824974686
25,waking,True,23.249223056547322,49.91474319867785,0.009274356690757407,-0.0086954000486891,-0.5529699727976016,-0.5501129058513531,-0.774157961916643,-0.7701580681918969,0.44807576715340847,0.2764338078570869,0.5941981379248099,0.0,0.018623951142196622,0.22576590543006747,69.51400049829113,46.982728887534115,12,34,280,2.4199036911593064,94.84523917150408,2.928700007032603
26,waking,True,22.476073868435172,49.14357244396685,0.006576978169525058,-0.01152216098687695,-0.5522494200801067,-0.550836253364996,-0.7731491881121499,-0.7711707547109938,0.44465923896486687,0.2755706578920165,0.5843611502324869,0.0,0.018600584943130292,0.22605184225660704,70.44414235223648,47.05042467672951,12,34,278,2.5228128850467817,94.84523917150408,3.048900020075962
27,waking,True,21.711830157577488,48.36357529627048,0.003275045261391602,-0.013626496633760287,-0.5458883648983462,-0.5571408197831228,-0.7642437108576843,-0.7799971476963705,0.44130642835407247,0.27469861236009524,0.5748213975265172,0.0,0.01880869665503917,0.22632190559840498,71.23235683983677,47.123894349893696,12,33,278,2.6278351711790653,94.84523917150408,3.019100025994703
28,waking,True,20.966143933523142,47.5658184064503,-0.0003268825597423572,-0.014904293063205232,-0.5326330171816754,-0.5698263498715596,-0.7456862240543458,-0.7977568898201852,0.4381838012039621,0.273860743856941,0.5658783944167564,0.0,0.018859669630385045,0.22656219646389217,71.86565317602326,47.19227465789592,12,33,277,2.7290582703037503,94.84523917150408,3.2810000120662153
29,waking,True,20.2621381165532,46.75038190152717,-0.003932265110567946,-0.015286091985229209,-0.5028612978356737,-0.5824546463736615,-0.7040058169699428,-0.8154365049231274,0.4354455867930861,0.2730982054377478,0.5578127162960475,0.0,0.018732015863411895,0.2267797366306132,72.35503174861691,47.25052931410163,12,31,275,2.8227091825878943,94.84523917150408,2.826599986292422
30,waking,True,19.707047089614782,46.018642138893426,-0.007247599547845863,-0.014753806100291256,-0.39649359067029905,-0.5226712590241007,-0.5550910269384168,-0.7317397626337439,0.4328919321017455,0.2723190623067503,0.5505302006347926,0.0,0.0162913733142286,0.2269842708909665,72.72155355572022,47.296972402851935,12,29,275,2.906378861222322,94.84523917150408,3.052799991564825
31,waking,True,19.320849427926483,45.38294811432951,-0.009984341870506862,-0.01222669946661063,-0.27585547263450094,-0.45406716040279815,-0.38619766168829983,-0.635694024563918,0.428111089196242,0.27037360470964117,0.5411433072851205,0.7399999999999999,0.01033233075480363,0.22723869717212272,72.98156683731737,46.9831663483934,12,32,282,2.9784833775810746,94.84523917150408,2.938500023446977
32,waking,True,19.117444976124304,44.85402793532371,-0.011513157142437138,-0.007624023267124932,-0.1452888941444128,-0.37780012786128936,-0.2034044518021787,-0.5289201790058016,0.41958931512785147,0.2671250693472974,0.5291873420217074,0.0,0.007875156852556228,0.2282058483050765,73.06257317069709,46.615048409543995,12,32,278,3.0403788526616,94.84523917150408,3.052399988519028
33,waking,True,19.104154571589714,44.4408077712497,-0.010713592682212364,-0.0019344573880300132,-0.0094931460961353,-0.29515726005286,-0.013290404534590294,-0.41322016407400497,0.40843829514381536,0.26270082408235285,0.5152838817081045,0.0,0.005302577570001826,0.23040027040188582,72.91184007114931,46.390821345225646,12,29,278,3.091994621612463,94.84523917150408,2.9119000246282667
34,waking,True,19.281456556313113,44.150261213434796,-0.008562648876544114,0.00406882321309521,0.12664427480242849,-0.20753325558207472,0.17730198472339964,-0.29054655781490624,0.39552325094581486,0.2573941751946293,0.5003333391007451,0.0,0.004267408628097762,0.23365210044432672,72.57376384240435,46.34841190375491,12,28,284,3.1345220329346337,94.84523917150408,3.119100001640618
35,waking,True,19.642969560633855,43.98729158735028,-0.005684994864650304,0.009231852128094875,0.25822357451481626,-0.11640687577465428,0.3615130043207415,-0.16296962608451793,0.38290351999582395,0.25196195461847637,0.48645167269499834,0.0,0.005649931558842615,0.2369686542706389,72.19807828368073,46.38422876683128,12,29,299,3.1700858843597755,94.84523917150408,3.018299990799278
36,waking,True,20.17568217849633,43.954649203048476,-0.0028502410681385607,0.012308985060054888,0.38050901275891014,-0.023315988787001803,0.5327126178624759,-0.032642384301802,0.37506744850058754,0.2476397603699765,0.47723357960294743,1.5,0.008769213007372156,0.23982499070850682,71.83785607579739,47.17070840319626,12,36,305,3.22115388506607,94.84523917150408,3.0380999960470945
37,waking,True,20.860421267858303,44.05288494034567,-0.0014283305189957635,0.013866613312552421,0.48909934954426665,0.07016838378371036,0.6847390893619725,0.0982357372971947,0.37131889567833914,0.24492250300808532,0.47354145102019046,0.8066666666666666,0.012702837298163676,0.24132062792734213,71.13967214282856,48.097519265403,12,39,299,3.3177513713547038,94.84523917150408,2.886900008888915
38,waking,True,21.67254202140343,44.28034095205722,-0.0007155517265624196,0.014171803290149453,0.5800862525322336,0.1624685797939649,0.8121207535451269,0.22745601171155272,0.373284908131912,0.2439004320925212,0.4838316433223309,0.0,0.016494616841251912,0.24230985256380566,70.37273977428352,49.008364245336345,12,39,299,3.458478110897144,94.84523917150408,3.0205000075511634
39,waking,True,22.582814970857346,44.63317864217907,0.0006202747202273706,0.013368576819105502,0.650194963895653,0.25202692151560163,0.9102729494539155,0.35283769012184507,0.39780103668710504,0.24785337901305782,0.5195461863686975,0.0,0.0200418764711491,0.24321557401316415,69.6667082090244,49.82168443270423,12,37,299,3.631602552344597,94.84523917150408,2.918899990618229
40,waking,True,23.558478000265083,45.10544344684985,0.0031614589773700935,0.011586608639498654,0.6969021638626701,0.3373320033362715,0.9756630294077375,0.4722648046707789,0.43843842730673904,0.2603253645924113,0.5700632131178842,1.0666666666666667,0.023234004201559383,0.24379111142594753,69.09543164077107,51.05255821197808,12,40,301,3.8391178991004757,94.84523917150408,3.093999985139817
41,waking,True,24.502978703865747,45.653514994093314,0.006305487288826911,0.00901054282069048,0.674643359714761,0.3914796766024767,0.9445007036006636,0.5480715472434667,0.47375098812901195,0.27579215116724737,0.6216203527140339,0.0,0.02595241323152917,0.24466383851709753,68.64388282791415,52.33541367517456,12,36,310,4.08881939495623,94.84523917150408,2.9860000067856163
42,waking,True,25.403746836481677,46.27083239321925,0.009512910655319297,0.005202398441071818,0.6434058090113789,0.44094099937566816,0.90076813261593,0.6173173991259375,0.49903336614788046,0.2877175643629972,0.6620139578266621,0.0,0.02650881639289586,0.24594744761380588,68.2926358612276,53.49736853313297,12,34,315,4.373020272328164,94.84523917150408,3.1663999834563583
43,waking,True,26.25259516696249,46.95779710253112,0.011396465976139776,-6.638348882062519e-05,0.6063202360577243,0.49068907807990336,0.8488483304808128,0.6869647093118658,0.5168448387059581,0.2966103658631394,0.6931329542132445,0.0,0.026752514426766218,0.24751902841695647,68.02321115498437,54.474491691118786,12,32,306,4.683209227723401,94.84523917150408,3.1037000007927418
44,waking,True,27.03771542874365,47.716776795632775,0.011399445390519087,-0.004334544827167381,0.5608001869865421,0.5421283522154687,0.7851202617811595,0.7589796931016579,0.5295521824534528,0.3032507784135139,0.7170082940450504,0.0,0.026779224248358324,0.2492160038861676,67.82128863903947,55.257863910016326,12,31,304,5.018895526462881,94.84523917150408,3.182899992680177
45,waking,True,27.7427650759035,48.55066467481065,0.009992889385501748,-0.007967095734195451,0.5036068908284648,0.5956341994127661,0.70504964715985,0.8338878791778725,0.5463355889721095,0.30884896193417366,0.7376196892971559,1.5,0.02647325813891363,0.24673069358424413,66.82408677679376,55.82434587239289,12,36,324,5.406510182678646,94.84523917150408,2.8965999954380095
46,waking,True,28.34601329200703,49.46091496443867,0.007568495611264284,-0.01100433548758099,0.4308915829310943,0.6501787783057333,0.6032482161035304,0.9102502896280242,0.548842375259363,0.31205187336891393,0.7487893540505158,0.0,0.025664327983128093,0.2447619182960047,65.61256046064011,56.26455615799972,12,36,323,5.880245109879536,94.84523917150408,5.475099984323606
47,waking,True,28.820191701125985,50.444591149128236,0.004426613009496681,-0.01333704208486995,0.33869886365639706,0.702625846206831,0.4741784091189558,0.9836761846895641,0.5500290209634136,0.31407517521096434,0.7551943864225591,0.0,0.024116083379628436,0.24257525978540453,64.40118454125414,56.594944861369946,12,36,330,6.446817499834307,94.84523917150408,3.0623000056948513
48,waking,True,29.12267372850199,51.4516513499389,0.0008881662194585548,-0.014862341641025302,0.21605859098285993,0.7193287148647609,0.30248202737600494,1.0070602008106633,0.5499364023640942,0.31501893385710716,0.7568996416788847,0.0,0.022288132656947277,0.24024937868171653,63.299088274739326,56.83831944857791,12,36,327,7.086364656829393,94.84523917150408,3.0035000236239284
49,waking,True,29.238116050358894,52.45585519246642,-0.002742686011724456,-0.015501394364449512,0.0824588013263595,0.71728845894823,0.11544232185690362,1.0042038425275237,0.5485343245497148,0.31466190043432957,0.755414389341833,0.0,0.020016306176514884,0.23799999128404986,62.352405785026136,57.01727355817656,12,35,326,7.770654553673895,94.84523917150408,3.124999988358468
50,waking,True,29.16236372093339,53.44025551920027,-0.006168215912429612,-0.015220883626105838,-0.05410880673250269,0.7031430905241769,-0.07575232942550514,0.9844003267338479,0.5457664120708203,0.3138312466587907,0.7520580954928938,0.0,0.01742031031356432,0.23596658185592398,61.57223043075158,57.14635046295318,12,32,326,8.473166197652363,94.84523917150408,3.019800002221018
51,waking,True,28.898143182444798,54.38823938097209,-0.009098032606764141,-0.013679947969264257,-0.18872895606327855,0.677131329837013,-0.2642205384885905,0.9479838617718173,0.5419974335440421,0.3126613544606737,0.7471082169491053,0.0,0.014184287962722725,0.2342302203533995,60.949823365996124,57.23749655054016,12,30,326,9.173033970285859,94.84523917150408,3.153300000121817
52,waking,True,28.454964136268778,55.28380840061728,-0.011253005095481265,-0.009621416810295581,-0.3165564615543,0.6396921568894258,-0.4431790461760201,0.895569019645194,0.5376558358905166,0.3113184008402689,0.7409357186295217,0.0,0.012839283773386466,0.23284463116615595,60.467010784542865,57.29766481083639,12,30,312,9.85799265961045,94.84523917150408,2.9282000032253563
53,waking,True,27.8487772742372,56.111848764988835,-0.011215739027098907,-0.004197283064840825,-0.4329906157368402,0.5914574031225395,-0.6061868620315778,0.828040364371553,0.5331133091277478,0.3099505403799592,0.7338819949242659,0.0,0.014511118078667437,0.23177450316789655,60.10386624671504,57.33792694378496,12,28,305,10.524401288985896,94.84523917150408,3.139899985399097
54,waking,True,27.10140018883831,56.85838628888072,-0.009493692677546219,0.0017466325920455035,-0.5338407752849235,0.5332410884942065,-0.7473770853988917,0.7465375238918881,0.5285877151369415,0.3086430444836842,0.7261577240826703,0.0,0.015728973896303178,0.23098244066074275,59.838989987741606,57.36531959863363,12,28,305,11.172164770036703,94.84523917150408,2.8990999853704125
55,waking,True,26.239732124687254,57.51082224634795,-0.006836099673082491,0.007514392145232062,-0.6154771886793236,0.46602568390516097,-0.8616680641510541,0.652435957467226,0.5241085125368625,0.30741067569009556,0.7178065349814936,0.0,0.01743978367150062,0.23042199154615273,59.651307122260974,57.38475659159984,12,28,294,11.800027020493413,94.84523917150408,2.9741999751422554
56,waking,False,26.239732124687254,57.51082224634795,-0.0037778517437486777,0.011086652154939047,0.0,0.0,0.0,0.0,0.5195292567445441,0.30619835652293975,0.7087148244854155,0.0,0.019446353786165625,0.2300515812301993,59.52307276551581,57.39913551267969,12,28,292,12.407658362715429,94.84523917150408,2.9335000144783407
57,waking,False,26.239732124687254,57.51082224634795,-0.001905785142677295,0.013022103257457908,0.0,0.0,0.0,0.0,0.4896002686843305,0.29550949152391,0.6729770075108649,0.0,0.007498845569968743,0.22976783740613754,59.451134200691435,57.39541493042491,12,28,290,12.970841958167286,94.84523917150408,3.102599992416799
58,waking,False,26.239732124687254,57.51082224634795,-0.0009604036146330301,0.013677923475420961,0.0,0.0,0.0,0.0,0.4626086180946192,0.285219904192801,0.6384794990189762,1.5,0.007485486277058959,0.22930281605309932,59.40987385285316,58.19709741670588,12,34,284,13.497468349781919,94.84523917150408,2.9264999902807176
59,waking,False,26.239732124687254,57.51082224634795,0.00022303182436833114,0.013223475145418134,0.0,0.0,0.0,0.0,0.43539225958756245,0.2751195421632376,0.6042216301471556,0.0,0.007461698716717292,0.22950704442676223,59.44900716025593,59.245143775095364,12,33,282,13.98266005124365,94.84523917150408,2.9919000226072967
60,waking,False,26.239732124687254,57.51082224634795,0.002572812997501714,0.011797384760924798,0.0,0.0,0.0,0.0,0.41030758880876655,0.26537910156789624,0.5711543413395562,0.7399999999999999,0.007426798055250011,0.2294330407506688,59.97269103862053,60.26959405445862,12,37,291,14.428431214812235,94.84523917150408,2.983400016091764
61,waking,False,26.239732124687254,57.51082224634795,0.005496866035657939,0.009560710271796053,0.0,0.0,0.0,0.0,0.3871717999362564,0.256001581999046,0.5393736111430504,1.3466666666666667,0.007380038778792439,0.22584494377729306,59.88224777446768,60.9385003769067,12,37,289,14.845182596450652,94.84523917150408,3.0448999896179885
62,waking,False,26.239732124687254,57.51082224634795,0.00853946779661337,0.006602088889427249,0.0,0.0,0.0,0.0,0.3640158857889482,0.24686827255140611,0.5083674824578518,0.0,0.007344496908966505,0.22183825176430788,59.58715148749215,61.386701528627974,12,33,289,15.228553384533795,94.84523917150408,2.9805999947711825
63,waking,False,26.239732124687254,57.51082224634795,0.010894523909527384,0.0016413427746514945,0.0,0.0,0.0,0.0,0.34234345881078043,0.2380993055745454,0.47884302911047316,0.0,0.007301373243461612,0.21882789400208313,59.294227262169755,61.68178466191302,12,33,289,15.574835437969808,94.84523917150408,2.9611000209115446
64,waking,False,26.239732124687254,57.51082224634795,0.011235405750594497,-0.002855330603982129,0.0,0.0,0.0,0.0,0.32220180649170793,0.22971793319023148,0.45100634383222243,0.0,0.007243819763117124,0.21657480138572582,59.03901876299621,61.88088740942834,12,30,289,15.88495022753282,94.84523917150408,3.0243999790400267
65,waking,False,26.239732124687254,57.51082224634795,0.01007088933115759,-0.006616278639077735,0.0,0.0,0.0,0.0,0.3042936172743244,0.22179307567375042,0.4252886812918462,0.6533333333333333,0.007170934942319192,0.21774431252976298,58.82589234382266,62.60294207695666,12,31,293,16.165900337970406,94.84523917150408,3.0350999732036144
66,waking,False,26.239732124687254,57.51082224634795,0.007795262872403341,-0.009761517364242847,0.0,0.0,0.0,0.0,0.28730626144618443,0.2142543184805682,0.40140678308925754,0.0,0.007081831509205529,0.2202926460079612,58.66354162316008,63.459581420311764,12,28,293,16.427644035412836,94.84523917150408,2.9753999842796475
67,waking,False,26.239732124687254,57.51082224634795,0.0047478796865286325,-0.01223140231401383,0.0,0.0,0.0,0.0,0.2719880369443546,0.20716985655168793,0.37977559825769924,0.0,0.006975664007053239,0.22312183750618955,58.546170280325924,64.26030810205364,12,27,288,16.675385733837178,94.84523917150408,3.0211999837774783
68,waking,False,26.239732124687254,57.51082224634795,0.0012450232387960138,-0.013923073031377752,0.0,0.0,0.0,0.0,0.2583650998235498,0.2005568670921004,0.36053566630768946,0.0,0.006851660850499153,0.22572582298663857,58.46390372057723,64.93616988243758,12,27,286,16.911612056921722,94.84523917150408,2.9995999939274043
69,waking,False,26.239732124687254,57.51082224634795,-0.0024112484068220617,-0.014749433017475656,0.0,0.0,0.0,0.0,0.2464479648158637,0.1944282800433695,0.34379239813103296,0.0,0.006709160499930686,0.22791607606701508,58.40737745867649,65.47696615112183,12,27,285,17.13843499947594,94.84523917150408,2.9614999948535115
70,waking,False,26.239732124687254,57.51082224634795,-0.0059254407835923045,-0.014666110651765136,0.0,0.0,0.0,0.0,0.23622854313179764,0.18879193735716948,0.3296106697205432,0.0,0.006547650981728742,0.22966397987213621,58.36908009240814,65.89657149932911,12,26,274,17.357254462672795,94.84523917150408,3.055599983781576
71,waking,False,26.239732124687254,57.51082224634795,-0.009005661801852466,-0.013360375180970583,0.0,0.0,0.0,0.0,0.2276779293462036,0.183649922386967,0.3180107502515077,0.0,0.0063668115185623805,0.23101350329249504,58.34341647074157,66.21619816509033,12,27,272,17.56899899341859,94.84523917150408,2.9218000127002597
72,waking,False,26.239732124687254,57.51082224634795,-0.011369592423008574,-0.009508898534543613,0.0,0.0,0.0,0.0,0.220744984164021,0.17899807757934513,0.30896567033148253,0.0,0.006166554530902521,0.23204641570387316,58.325556600706165,66.45666944280264,12,27,264,17.77512331691159,94.84523917150408,3.0641999910585582
73,waking,False,26.239732124687254,57.51082224634795,-0.01125834066383555,-0.00419474069419201,0.0,0.0,0.0,0.0,0.21535573827334625,0.17482572327004192,0.30240009551197433,0.0,0.00594706577413797,0.23281912242453165,58.314394934043825,66.6379376044683,12,26,262,17.977416089531737,94.84523917150408,3.026599995791912
74,waking,False,26.239732124687254,57.51082224634795,-0.009537880769908158,0.0017650255319879554,0.0,0.0,0.0,0.0,0.2114136200710118,0.1711155846420712,0.2981907275098798,0.0,0.005708839948142176,0.23335677768723728,58.307364303108066,66.77413168391865,12,26,262,18.177077113257965,94.84523917150408,2.9580999980680645
75,waking,False,26.239732124687254,57.51082224634795,-0.006891543915924133,0.00768122847009961,0.0,0.0,0.0,0.0,0.20880048744329768,0.1678439279496538,0.2961682122412228,0.0,0.005452708833893177,0.2337072958809751,58.30290117087148,66.87665796591209,12,26,262,18.37431766895077,94.84523917150408,2.9540999967139214
76,waking,False,26.239732124687254,57.51082224634795,-0.00381134920690819,0.011498587990611524,0.0,0.0,0.0,0.0,0.2073784216612068,0.16498090112380406,0.2961204909779912,0.0,0.005179858954833652,0.2339212358286393,58.30004805276911,66.95434432384998,12,26,254,18.569480174340924,94.84523917150408,2.974500006530434
77,waking,False,26.239732124687254,57.51082224634795,-0.0018971429632364078,0.013675591764249281,0.0,0.0,0.0,0.0,0.21746086530839498,0.16265125321141766,0.309606866284293,2.3066666666666666,0.004891835999685248,0.23033616160032938,57.34703211421529,66.83767664976722,12,35,262,18.77706532994121,94.84523917150408,2.9039000219199806
78,waking,False,26.239732124687254,57.51082224634795,-0.0009441821589412265,0.014532606750915115,0.0,0.0,0.0,0.0,0.21710366130886313,0.16048629600278472,0.3220538168254547,0.0,0.004590533822419689,0.22685942100527814,55.983119761797674,66.7061900951176,12,37,257,19.00235053820546,94.84523917150408,3.1389000068884343
79,waking,False,26.239732124687254,57.51082224634795,-0.00046994011235400833,0.014243082481985327,0.0,0.0,0.0,0.0,0.21918456553841215,0.15861031103659784,0.33711824720968103,0.0,0.004278166755268112,0.223600684413676,54.60567992891994,66.58389077367775,12,35,253,19.241228963542813,94.84523917150408,2.896900026826188
80,waking,False,26.239732124687254,57.51082224634795,0.0013149195672162606,0.012941020018436295,0.0,0.0,0.0,0.0,0.22350726552695085,0.15697595800480174,0.3524729077983706,0.0,0.003957225177812912,0.2207329309385075,53.38699164887307,66.48252412674968,12,33,247,19.485224025798498,94.84523917150408,3.184700006386265
81,waking,False,26.239732124687254,57.51082224634795,0.004053326399270171,0.010779606849122023,0.0,0.0,0.0,0.0,0.235419926287817,0.15562750777352152,0.3690601261664484,1.3466666666666667,0.0036304156674194787,0.2158136240913376,52.506978660469436,66.91915805117752,12,36,239,19.72570209622232,94.84523917150408,3.0322999809868634
82,waking,False,26.239732124687254,57.51082224634795,0.007140957634083782,0.007957061640909969,0.0,0.0,0.0,0.0,0.2367490428620093,0.15432411651096814,0.3796607272924606,0.0,0.0037578117999466157,0.2110370616821217,51.839751241915764,67.57520383950055,12,31,251,19.947092877519218,94.84523917150408,3.3255000016652048
83,waking,False,26.239732124687254,57.51082224634795,0.010105187016486328,0.0035648889004682095,0.0,0.0,0.0,0.0,0.2437206558661655,0.153189393075689,0.389418086385114,1.0666666666666669,0.00424630083646646,0.20704112856794327,51.32205072261827,68.88613051825419,12,33,251,20.149306084929073,94.84523917150408,3.019800002221018
84,waking,False,26.239732124687254,57.51082224634795,0.011127730069234613,-0.0012987596033781162,0.0,0.0,0.0,0.0,0.24574206623684341,0.15207490347367913,0.39425302128564543,0.74,0.004728602274239942,0.20429225948299107,50.92284246813562,69.95104822900146,12,31,250,20.326578445338857,94.84523917150408,3.0175999854691327
85,waking,False,26.239732124687254,57.51082224634795,0.01044802066367776,-0.0053041019297798715,0.0,0.0,0.0,0.0,0.24499565435969148,0.15090810753663636,0.39411718394977713,0.0,0.005200526066382355,0.20330299953506095,50.584650224922655,70.79840967451202,12,26,250,20.480338269408854,94.84523917150408,2.9833000153303146
86,waking,False,26.239732124687254,57.51082224634795,0.008515973339443556,-0.008666449660846594,0.0,0.0,0.0,0.0,0.2439146272444081,0.14970183588916908,0.3932545730574229,0.0,0.005658161775327256,0.2037129346241078,50.29372220329743,71.45601582993123,12,25,249,20.61745702435694,94.84523917150408,3.0590999813284725
87,waking,False,26.239732124687254,57.51082224634795,0.005703865752062578,-0.011366311721350716,0.0,0.0,0.0,0.0,0.24237253191389405,0.14841972692516622,0.3914300558900286,0.0,0.006097981006375007,0.20470532086145776,50.05950085947101,71.95188942919351,12,25,248,20.743432320332698,94.84523917150408,3.0027999891899526
88,waking,False,26.239732124687254,57.51082224634795,0.0023410674096675556,-0.013309321754905718,0.0,0.0,0.0,0.0,0.24026882545361533,0.1470311804397926,0.38845444218402875,0.0,0.0065169180122848155,0.20585336650976707,49.8777633154862,72.32076397373645,12,24,246,20.861087960947735,94.84523917150408,3.2424000091850758
89,waking,False,26.239732124687254,57.51082224634795,-0.0012651005875987161,-0.014402769228119056,0.0,0.0,0.0,0.0,0.2375307642636533,0.14551206094189714,0.38418866376903954,0.0,0.006912425378495832,0.20696852607403693,49.740547885701965,72.59475596544367,12,24,246,20.97133724397599,94.84523917150408,2.9418999911285937
90,waking,False,26.239732124687254,57.51082224634795,-0.004817579858830242,-0.014590108089102402,0.0,0.0,0.0,0.0,0.23411457256443563,0.14384522344924325,0.3785465983533267,0.0,0.00728250386289777,0.2079279419851065,49.63817756470099,72.7970223768582,12,24,244,21.073901198543396,94.84523917150408,3.077699977438897
91,waking,False,26.239732124687254,57.51082224634795,-0.008023488470078987,-0.013866612480105015,0.0,0.0,0.0,0.0,0.23107251666941236,0.1420949202217388,0.3718697831260822,1.0666666666666667,0.007625707472421368,0.205053116739366,49.76017103211208,73.20598348472429,12,28,259,21.168788689953978,94.84523917150408,3.124300012132153
92,waking,False,26.239732124687254,57.51082224634795,-0.010594058985304002,-0.010691880452288223,0.0,0.0,0.0,0.0,0.2262005339945178,0.14010693026220478,0.36340783923733716,0.0,0.007941126500084321,0.20293518702315563,50.207906141074865,73.51793928396404,12,29,256,21.25815943511839,94.84523917150408,2.916799974627793
93,waking,False,26.239732124687254,57.51082224634795,-0.011241853988939971,-0.005742356659018861,0.0,0.0,0.0,0.0,0.22204658203322755,0.13805774078077396,0.35410843422549076,1.3466666666666667,0.008228352393679382,0.20402819926740673,49.80400298062621,74.00190765254237,12,35,260,21.351899810756617,94.84523917150408,2.873300021747127
94,waking,False,26.239732124687254,57.51082224634795,-0.009954196528161825,8.57933668313264e-05,0.0,0.0,0.0,0.0,0.21587748246271352,0.1357677269332508,0.34312038478821083,0.0,0.00848742894285491,0.20604403195819238,49.09013561389805,74.46436779830213,12,33,259,21.45797950390876,94.84523917150408,2.9500999953597784
95,waking,False,26.239732124687254,57.51082224634795,-0.0075420938336228,0.006067870504458164,0.0,0.0,0.0,0.0,0.20924757099893845,0.13335401635050767,0.33111996183624015,0.0,0.008718794393307243,0.20803844427486387,48.344649676637246,74.84107238891795,12,31,249,21.57282579761966,94.84523917150408,2.911799994762987
96,post_sleep,False,26.239732124687254,57.51082224634795,0.004267286204522876,0.007049600756416711,0.0,0.0,0.0,0.0,0.20226768984930507,0.13084124305707093,0.31831613433722034,0.0,0.008923218816842049,1.847191830186174,51.50500462708487,50.101036351369174,12,243,773,6.603140289473847,102.04342681395411,3.4793999802786857
97,post_sleep,False,26.239732124687254,57.51082224634795,0.0019672990580366203,0.011473884609259737,0.0,0.0,0.0,0.0,0.19506520065442806,0.12825915781782646,0.30495063168238445,0.0,0.009101740502828248,1.6577113541551103,51.907366620241156,50.923980097041266,12,240,773,11.828018132394348,102.04342681395411,3.525800013449043
98,post_sleep,False,26.239732124687254,57.51082224634795,0.000904848612092449,0.01356482998782869,0.0,0.0,0.0,0.0,0.18777979778904652,0.12564165636106803,0.2912903020956774,0.0,0.009255604411764866,1.4413497492935998,52.254498853385556,51.884515287354816,12,236,773,15.730399305790543,102.04342681395411,3.2319000165443867
99,post_sleep,False,26.239732124687254,57.51082224634795,0.0004151261686231967,0.014035817719856116,0.0,0.0,0.0,0.0,0.18055900727168797,0.12302569376275214,0.2776187939022125,0.0,0.009386204952968338,1.2299094498453513,52.55824468055207,53.00522772890144,12,232,773,18.54504716041644,102.04342681395411,3.5014000022783875
100,post_sleep,False,26.239732124687254,57.51082224634795,0.0011650469960653633,0.013259816305836771,0.0,0.0,0.0,0.0,0.1735534977663549,0.12045011602666858,0.2642277962063357,0.0,0.009495034599136525,1.038763258169712,52.821310632613375,54.304636557645914,12,205,773,20.54021937297966,102.04342681395411,3.2669000211171806
101,post_sleep,False,26.239732124687254,57.51082224634795,0.0033779498348191377,0.01148621109096643,0.0,0.0,0.0,0.0,0.16691233583929477,0.11795444229453556,0.251408088461116,0.0,0.009583639187071807,0.8753727071019247,52.97047220888086,55.797423613421316,12,115,773,21.95170036170224,102.04342681395411,3.69359998148866
102,post_sleep,False,26.239732124687254,57.51082224634795,0.0062131392459059236,0.008943979479736984,0.0,0.0,0.0,0.0,0.16077481744661387,0.11556942465844477,0.23943605771194892,0.0,0.005276035833031337,0.7419058259559971,52.97380909159085,57.45890076656623,12,51,773,22.962023978114292,102.04342681395411,3.500699996948242
103,post_sleep,False,26.239732124687254,57.51082224634795,0.009113089392679671,0.005291122031787474,0.0,0.0,0.0,0.0,0.15527740894871692,0.11334230272760418,0.22858004283597844,0.0,0.006092583655878163,0.6351159084981709,52.85858048812284,59.23002803307858,12,43,773,23.70226138587165,102.04342681395411,3.4657999931368977
104,post_sleep,False,26.239732124687254,57.51082224634795,0.010793644652381897,0.00010536409327800917,0.0,0.0,0.0,0.0,0.1505365550579295,0.11130557715305739,0.21907527769251306,0.0,0.006002898839359241,0.5506418024087916,52.655282038583664,61.050299132688714,12,35,773,24.26193474117328,102.04342681395411,3.5567999875638634
105,post_sleep,False,26.239732124687254,57.51082224634795,0.010553658521797547,-0.0040930549838224285,0.0,0.0,0.0,0.0,0.14739096198493604,0.1095408964935005,0.21138341266743352,0.7399999999999999,0.005896403759323841,0.4835840896479801,52.5299883250519,62.888852970757135,12,37,773,24.701777623661968,102.04342681395411,3.410800010897219
106,post_sleep,False,26.239732124687254,57.51082224634795,0.008927031790490193,-0.007625086804726571,0.0,0.0,0.0,0.0,0.14437851343542873,0.10796822773523662,0.20513116099601247,0.0,0.005772515874178964,0.4308056169633653,52.46731870643896,64.68076118143121,12,34,773,25.059507248175116,102.04342681395411,3.683399991132319
107,post_sleep,False,26.239732124687254,57.51082224634795,0.006317368394657186,-0.010509900771026292,0.0,0.0,0.0,0.0,0.1423561488845035,0.10666124323714067,0.2007149233037127,0.0,0.0056404523514098776,0.3895346924767949,52.45690004251335,66.37844438954424,12,33,773,25.359800031579578,102.04342681395411,3.330400009872392
108,post_sleep,False,26.239732124687254,57.51082224634795,0.00307174968985437,-0.012664007789306719,0.0,0.0,0.0,0.0,0.14135067120213604,0.10563318550863726,0.19820405674148864,0.0,0.005522911197267964,0.3577228000853457,52.46669365303247,67.88753525638418,12,33,773,25.6191164177653,102.04342681395411,3.4309999900870025
109,post_sleep,False,26.239732124687254,57.51082224634795,-0.0004936955135311678,-0.013991242184543813,0.0,0.0,0.0,0.0,0.14928547211772766,0.10499458708236581,0.1981420113676317,1.5,0.005392893017194526,0.33092721598866237,52.30458966717947,69.00351809915483,12,37,773,25.85197346863293,102.04342681395411,3.232099988963455
110,post_sleep,False,26.239732124687254,57.51082224634795,-0.0040577720359401565,-0.014436382002676704,0.0,0.0,0.0,0.0,0.15121415684332568,0.10453120397889712,0.20501883443811608,0.0,0.005250554331139426,0.31074431891673304,51.88588735477744,69.88133969006368,12,36,772,26.06483602390429,102.04342681395411,3.4201000235043466
111,post_sleep,False,26.239732124687254,57.51082224634795,-0.007356319124134021,-0.013962467937769004,0.0,0.0,0.0,0.0,0.1576695587798993,0.10434486320727886,0.21958363929164829,0.0,0.005096237756592355,0.29536420137572184,51.39301589548595,70.51396518467538,12,35,764,26.263469076522146,102.04342681395411,3.430400014622137
112,post_sleep,False,26.239732124687254,57.51082224634795,-0.010088586937870275,-0.011329307747948247,0.0,0.0,0.0,0.0,0.16673197520716385,0.10486168193519098,0.23887927267510078,0.0,0.004961850434107885,0.2836511726148053,50.933913675953136,70.94695381790282,12,34,757,26.44948682622812,102.04342681395411,3.3962999877985567
113,post_sleep,False,26.239732124687254,57.51082224634795,-0.011232255835119765,-0.006749161091876812,0.0,0.0,0.0,0.0,0.17713484783888145,0.10686860049507847,0.26077661028571125,0.0,0.004898380733146301,0.27471600755310255,50.547418655926,71.22671851202865,12,33,752,26.624200047606127,102.04342681395411,3.4336000098846853
114,post_sleep,False,26.239732124687254,57.51082224634795,-0.010278482812721092,-0.0011300562170571292,0.0,0.0,0.0,0.0,0.18799486410947464,0.10975520151034415,0.28366874699452943,0.0,0.00482960319227535,0.2678593322899505,50.23732589702799,71.40153484223181,12,27,752,26.789072149896832,102.04342681395411,3.334500011987984
115,post_sleep,False,26.239732124687254,57.51082224634795,-0.008093762430743211,0.004793589052736353,0.0,0.0,0.0,0.0,0.19866055065906155,0.11307355666069045,0.30629081478562387,0.0,0.004756037072113951,0.26259614065161724,49.99669994511876,71.5084669974081,12,26,749,26.945293701019075,102.04342681395411,3.5470000002533197
116,post_sleep,False,26.239732124687254,57.51082224634795,-0.0052377402666653645,0.009676622249956841,0.0,0.0,0.0,0.0,0.21286314745764728,0.11686819664680184,0.329148243142436,0.8066666666666666,0.004678284663078104,0.2573873752549936,49.529619662972344,71.48489154840871,12,30,739,27.096882993122527,102.04342681395411,3.3211999980267137
117,post_sleep,False,26.239732124687254,57.51082224634795,-0.0026009364509356776,0.012602247017066939,0.0,0.0,0.0,0.0,0.21995274473917348,0.1199904370261689,0.3477459535438375,0.0,0.00459702065911867,0.252562683190319,48.99739454813379,71.40299313191255,12,30,713,27.246101470305486,102.04342681395411,3.501500003039837
118,post_sleep,False,26.239732124687254,57.51082224634795,-0.001292108022484915,0.014084373971599588,0.0,0.0,0.0,0.0,0.226368385801693,0.12279611022070326,0.36372319397129305,0.0,0.004512978184101242,0.24815911243519165,48.48187499565987,71.3009861405458,12,27,703,27.39470336340382,102.04342681395411,3.423099988140166
119,post_sleep,False,26.239732124687254,57.51082224634795,-0.0006421284092823081,0.014362316973251035,0.0,0.0,0.0,0.0,0.23154463119256558,0.12512170305945655,0.3764372391920191,0.0,0.004745591714000547,0.24424801344689362,48.01975182033051,71.19976129085975,12,27,687,27.54307766050549,102.04342681395411,3.3887999888975173
120,post_sleep,False,26.239732124687254,57.51082224634795,0.0003113664928566138,0.013579125439990897,0.0,0.0,0.0,0.0,0.2351108510477707,0.12684344485551907,0.3854076597298821,0.0,0.005116333711569512,0.24085794020973544,47.623527372290006,71.10988615454926,12,26,662,27.690786054567628,102.04342681395411,3.6884000001009554
121,post_sleep,False,26.239732124687254,57.51082224634795,0.0026375355239952056,0.011868267554062955,0.0,0.0,0.0,0.0,0.2368352673446336,0.1278725830700371,0.390304480379236,0.0,0.0054829941142359034,0.23799222420492208,47.292604033704585,71.03602097880251,12,25,641,27.83817446798461,102.04342681395411,3.3478999976068735
122,post_sleep,False,26.239732124687254,57.51082224634795,0.005586371318461669,0.009395889104883632,0.0,0.0,0.0,0.0,0.23678919700184445,0.12815372847977954,0.39094232730269607,0.0,0.0058425704500815676,0.23564779101997724,47.021018633852236,70.98038398453609,12,23,602,27.98599003910481,102.04342681395411,3.953700012061745
123,post_sleep,False,26.239732124687254,57.51082224634795,0.008636285798877114,0.006194154740129274,0.0,0.0,0.0,0.0,0.24233055827301161,0.12834931859414675,0.39079012817649117,1.5,0.004552073523695382,0.2338031959308887,46.80053865287962,70.21770404784014,12,30,592,28.1427753678073,102.04342681395411,3.4352999937254936
124,post_sleep,False,26.239732124687254,57.51082224634795,0.010887151371826082,0.0010344589510214225,0.0,0.0,0.0,0.0,0.24089548735869856,0.12814089497732006,0.3890984393527404,0.0,0.012656045372354895,0.2328579801197986,46.560564709197585,69.2781657555484,12,31,584,28.31191307853537,102.04342681395411,3.5377000167500228
125,post_sleep,False,26.239732124687254,57.51082224634795,0.01107903173219761,-0.003277681560220373,0.0,0.0,0.0,0.0,0.23995174746523298,0.12784504616248335,0.38661007554107024,1.0666666666666667,0.013023136008546127,0.23188950432425903,46.21183144672625,68.99825089652087,12,37,562,28.48874312405384,102.04342681395411,3.5154999932274222
126,post_sleep,False,26.239732124687254,57.51082224634795,0.00977606973792227,-0.006930302268572914,0.0,0.0,0.0,0.0,0.23720992926921927,0.12728883920106268,0.3824161579627649,0.0,0.013411908299867333,0.23139819659582483,45.85463230513645,69.0656920315998,12,35,510,28.66282113440346,102.04342681395411,3.4909000096376985
127,post_sleep,False,26.239732124687254,57.51082224634795,0.007392423680092167,-0.009971895325396713,0.0,0.0,0.0,0.0,0.2337870499901018,0.12653603100699037,0.37683487310139135,0.0,0.013823880821377602,0.23190310509821108,45.4575310596645,69.33884594861284,12,35,497,28.82601925096511,102.04342681395411,3.5998999956063926
