tick,phase,entity,x,y,velocity_x,velocity_y,visible
0,waking,artificial_body,18.0,50.0,0.0,0.0,True
0,waking,entity_1,68.0,24.0,1.05,0.74,True
0,waking,entity_2,28.0,76.0,0.37,-0.31,True
0,waking,entity_3,82.0,66.0,-0.42,0.27,True
0,waking,entity_4,44.0,18.0,0.25,0.39,True
1,waking,artificial_body,18.0,51.008,0.0,0.0,True
1,waking,entity_1,69.05,24.74,1.05,0.74,True
1,waking,entity_2,28.37,75.69,0.37,-0.31,True
1,waking,entity_3,81.58,66.27,-0.42,0.27,True
1,waking,entity_4,44.25,18.39,0.25,0.39,True
2,waking,artificial_body,18.190369766136314,52.00749438886451,0.0,0.0,True
2,waking,entity_1,70.1,25.479999999999997,1.05,0.74,True
2,waking,entity_2,28.740000000000002,75.38,0.37,-0.31,True
2,waking,entity_3,81.16,66.53999999999999,-0.42,0.27,True
2,waking,entity_4,44.5,18.78,0.25,0.39,True
3,waking,artificial_body,18.5642575993046,52.9816154868241,0.0,0.0,True
3,waking,entity_1,71.14999999999999,26.219999999999995,1.05,0.74,True
3,waking,entity_2,29.110000000000003,75.07,0.37,-0.31,True
3,waking,entity_3,80.74,66.80999999999999,-0.42,0.27,True
3,waking,entity_4,44.75,19.17,0.25,0.39,True
4,waking,artificial_body,19.10820670442844,53.91392381916027,0.0,0.0,True
4,waking,entity_1,72.19999999999999,26.959999999999994,1.05,0.74,True
4,waking,entity_2,29.480000000000004,74.75999999999999,0.37,-0.31,True
4,waking,entity_3,80.32,67.07999999999998,-0.42,0.27,True
4,waking,entity_4,45.0,19.560000000000002,0.25,0.39,True
5,waking,artificial_body,19.787163542190264,54.7691908023044,0.0,0.0,True
5,waking,entity_1,73.24999999999999,27.699999999999992,1.05,0.74,True
5,waking,entity_2,29.850000000000005,74.44999999999999,0.37,-0.31,True
5,waking,entity_3,79.89999999999999,67.34999999999998,-0.42,0.27,True
5,waking,entity_4,45.25,19.950000000000003,0.25,0.39,True
6,waking,artificial_body,20.567593821713604,55.5329922024099,0.0,0.0,True
6,waking,entity_1,74.29999999999998,28.43999999999999,1.05,0.74,True
6,waking,entity_2,30.220000000000006,74.13999999999999,0.37,-0.31,True
6,waking,entity_3,79.47999999999999,67.61999999999998,-0.42,0.27,True
6,waking,entity_4,45.5,20.340000000000003,0.25,0.39,True
7,waking,artificial_body,21.42763699041306,56.20588873827065,0.0,0.0,True
7,waking,entity_1,75.34999999999998,29.17999999999999,1.05,0.74,True
7,waking,entity_2,30.590000000000007,73.82999999999998,0.37,-0.31,True
7,waking,entity_3,79.05999999999999,67.88999999999997,-0.42,0.27,True
7,waking,entity_4,45.75,20.730000000000004,0.25,0.39,True
8,waking,artificial_body,22.350743946889736,56.78927330003447,0.0,0.0,True
8,waking,entity_1,76.39999999999998,29.919999999999987,1.05,0.74,True
8,waking,entity_2,30.960000000000008,73.51999999999998,0.37,-0.31,True
8,waking,entity_3,78.63999999999999,68.15999999999997,-0.42,0.27,True
8,waking,entity_4,46.0,21.120000000000005,0.25,0.39,True
9,waking,artificial_body,23.324765561936566,57.282979582576594,0.0,0.0,True
9,waking,entity_1,77.44999999999997,30.659999999999986,1.05,0.74,True
9,waking,entity_2,31.33000000000001,73.20999999999998,0.37,-0.31,True
9,waking,entity_3,78.21999999999998,68.42999999999996,-0.42,0.27,True
9,waking,entity_4,46.25,21.510000000000005,0.25,0.39,True
10,waking,artificial_body,24.323014980525972,57.67625248035929,0.0,0.0,True
10,waking,entity_1,78.49999999999997,31.399999999999984,1.05,0.74,True
10,waking,entity_2,31.70000000000001,72.89999999999998,0.37,-0.31,True
10,waking,entity_3,77.79999999999998,68.69999999999996,-0.42,0.27,True
10,waking,entity_4,46.5,21.900000000000006,0.25,0.39,True
11,waking,artificial_body,25.276885468914887,57.945891299612875,0.0,0.0,True
11,waking,entity_1,79.54999999999997,32.139999999999986,1.05,0.74,True
11,waking,entity_2,32.07000000000001,72.58999999999997,0.37,-0.31,True
11,waking,entity_3,77.37999999999998,68.96999999999996,-0.42,0.27,True
11,waking,entity_4,46.75,22.290000000000006,0.25,0.39,True
12,waking,artificial_body,26.152045769028064,58.08734555830638,0.0,0.0,True
12,waking,entity_1,80.59999999999997,32.87999999999999,1.05,0.74,True
12,waking,entity_2,32.440000000000005,72.27999999999997,0.37,-0.31,True
12,waking,entity_3,76.95999999999998,69.23999999999995,-0.42,0.27,True
12,waking,entity_4,47.0,22.680000000000007,0.25,0.39,True
13,waking,artificial_body,26.916997522874432,58.098228044301116,0.0,0.0,True
13,waking,entity_1,81.64999999999996,33.61999999999999,1.05,0.74,True
13,waking,entity_2,32.81,71.96999999999997,0.37,-0.31,True
13,waking,entity_3,76.53999999999998,69.50999999999995,-0.42,0.27,True
13,waking,entity_4,47.25,23.070000000000007,0.25,0.39,True
14,waking,artificial_body,27.544208946636292,57.97835510245013,0.0,0.0,True
14,waking,entity_1,82.69999999999996,34.35999999999999,1.05,0.74,True
14,waking,entity_2,33.18,71.65999999999997,0.37,-0.31,True
14,waking,entity_3,76.11999999999998,69.77999999999994,-0.42,0.27,True
14,waking,entity_4,47.5,23.460000000000008,0.25,0.39,True
15,waking,artificial_body,28.01110574168608,57.729749734001544,0.0,0.0,True
15,waking,entity_1,83.74999999999996,35.099999999999994,1.05,0.74,True
15,waking,entity_2,33.55,71.34999999999997,0.37,-0.31,True
15,waking,entity_3,75.69999999999997,70.04999999999994,-0.42,0.27,True
15,waking,entity_4,47.75,23.85000000000001,0.25,0.39,True
16,waking,artificial_body,28.300883578127365,57.356607455999445,0.0,0.0,True
16,waking,entity_1,84.79999999999995,35.839999999999996,1.05,0.74,True
16,waking,entity_2,33.919999999999995,71.03999999999996,0.37,-0.31,True
16,waking,entity_3,75.27999999999997,70.31999999999994,-0.42,0.27,True
16,waking,entity_4,48.0,24.24000000000001,0.25,0.39,True
17,waking,artificial_body,28.4031129083345,56.86522549684641,0.0,0.0,True
17,waking,entity_1,85.84999999999995,36.58,1.05,0.74,True
17,waking,entity_2,34.28999999999999,70.72999999999996,0.37,-0.31,True
17,waking,entity_3,74.85999999999997,70.58999999999993,-0.42,0.27,True
17,waking,entity_4,48.25,24.63000000000001,0.25,0.39,True
18,waking,artificial_body,28.31411434232643,56.26389652293838,0.0,0.0,True
18,waking,entity_1,86.89999999999995,37.32,1.05,0.74,True
18,waking,entity_2,34.65999999999999,70.41999999999996,0.37,-0.31,True
18,waking,entity_3,74.43999999999997,70.85999999999993,-0.42,0.27,True
18,waking,entity_4,48.5,25.02000000000001,0.25,0.39,True
19,waking,artificial_body,28.03709107464072,55.56276868986377,0.0,0.0,True
19,waking,entity_1,87.94999999999995,38.06,1.05,0.74,True
19,waking,entity_2,35.02999999999999,70.10999999999996,0.37,-0.31,True
19,waking,entity_3,74.01999999999997,71.12999999999992,-0.42,0.27,True
19,waking,entity_4,48.75,25.41000000000001,0.25,0.39,True
20,waking,artificial_body,27.582013596462005,54.773674379972604,0.0,0.0,True
20,waking,entity_1,88.99999999999994,38.800000000000004,1.05,0.74,True
20,waking,entity_2,35.399999999999984,69.79999999999995,0.37,-0.31,True
20,waking,entity_3,73.59999999999997,71.39999999999992,-0.42,0.27,True
20,waking,entity_4,49.0,25.80000000000001,0.25,0.39,True
21,waking,artificial_body,26.965260842391743,53.90993051657671,0.0,0.0,True
21,waking,entity_1,90.04999999999994,39.540000000000006,1.05,0.74,True
21,waking,entity_2,35.76999999999998,69.48999999999995,0.37,-0.31,True
21,waking,entity_3,73.17999999999996,71.66999999999992,-0.42,0.27,True
21,waking,entity_4,49.25,26.190000000000012,0.25,0.39,True
22,waking,artificial_body,26.273556921378926,53.06493957836761,0.0,0.0,True
22,waking,entity_1,91.09999999999994,40.28000000000001,1.05,0.74,True
22,waking,entity_2,36.13999999999998,69.17999999999995,0.37,-0.31,True
22,waking,entity_3,72.75999999999996,71.93999999999991,-0.42,0.27,True
22,waking,entity_4,49.5,26.580000000000013,0.25,0.39,True
23,waking,artificial_body,25.544430439519452,52.252019795454665,0.0,0.0,True
23,waking,entity_1,92.14999999999993,41.02000000000001,1.05,0.74,True
23,waking,entity_2,36.50999999999998,68.86999999999995,0.37,-0.31,True
23,waking,entity_3,72.33999999999996,72.20999999999991,-0.42,0.27,True
23,waking,entity_4,49.75,26.970000000000013,0.25,0.39,True
24,waking,artificial_body,24.79111884498977,51.46145946154766,0.0,0.0,True
24,waking,entity_1,93.19999999999993,41.76000000000001,1.05,0.74,True
24,waking,entity_2,36.879999999999974,68.55999999999995,0.37,-0.31,True
24,waking,entity_3,71.91999999999996,72.4799999999999,-0.42,0.27,True
24,waking,entity_4,50.0,27.360000000000014,0.25,0.39,True
25,waking,artificial_body,24.023381018463965,50.684901266869744,0.0,0.0,True
25,waking,entity_1,94.24999999999993,42.500000000000014,1.05,0.74,True
25,waking,entity_2,37.24999999999997,68.24999999999994,0.37,-0.31,True
25,waking,entity_3,71.49999999999996,72.7499999999999,-0.42,0.27,True
25,waking,entity_4,50.25,27.750000000000014,0.25,0.39,True
26,waking,artificial_body,23.249223056547322,49.91474319867785,0.0,0.0,True
26,waking,entity_1,95.29999999999993,43.240000000000016,1.05,0.74,True
26,waking,entity_2,37.61999999999997,67.93999999999994,0.37,-0.31,True
26,waking,entity_3,71.07999999999996,73.0199999999999,-0.42,0.27,True
26,waking,entity_4,50.5,28.140000000000015,0.25,0.39,True
27,waking,artificial_body,22.476073868435172,49.14357244396685,0.0,0.0,True
27,waking,entity_1,96.34999999999992,43.98000000000002,1.05,0.74,True
27,waking,entity_2,37.98999999999997,67.62999999999994,0.37,-0.31,True
27,waking,entity_3,70.65999999999995,73.28999999999989,-0.42,0.27,True
27,waking,entity_4,50.75,28.530000000000015,0.25,0.39,True
28,waking,artificial_body,21.711830157577488,48.36357529627048,0.0,0.0,True
28,waking,entity_1,97.39999999999992,44.72000000000002,1.05,0.74,True
28,waking,entity_2,38.359999999999964,67.31999999999994,0.37,-0.31,True
28,waking,entity_3,70.23999999999995,73.55999999999989,-0.42,0.27,True
28,waking,entity_4,51.0,28.920000000000016,0.25,0.39,True
29,waking,artificial_body,20.966143933523142,47.5658184064503,0.0,0.0,True
29,waking,entity_1,98.44999999999992,45.46000000000002,1.05,0.74,True
29,waking,entity_2,38.72999999999996,67.00999999999993,0.37,-0.31,True
29,waking,entity_3,69.81999999999995,73.82999999999988,-0.42,0.27,True
29,waking,entity_4,51.25,29.310000000000016,0.25,0.39,True
30,waking,artificial_body,20.2621381165532,46.75038190152717,0.0,0.0,True
30,waking,entity_1,98.8,46.200000000000024,-1.05,0.74,True
30,waking,entity_2,39.09999999999996,66.69999999999993,0.37,-0.31,True
30,waking,entity_3,69.39999999999995,74.09999999999988,-0.42,0.27,True
30,waking,entity_4,51.5,29.700000000000017,0.25,0.39,True
31,waking,artificial_body,19.707047089614782,46.018642138893426,0.0,0.0,True
31,waking,entity_1,97.75,46.940000000000026,-1.05,0.74,True
31,waking,entity_2,39.469999999999956,66.38999999999993,0.37,-0.31,True
31,waking,entity_3,68.97999999999995,74.36999999999988,-0.42,0.27,True
31,waking,entity_4,51.75,30.090000000000018,0.25,0.39,True
32,waking,artificial_body,19.320849427926483,45.38294811432951,0.0,0.0,True
32,waking,entity_1,96.7,47.68000000000003,-1.05,0.74,True
32,waking,entity_2,39.839999999999954,66.07999999999993,0.37,-0.31,True
32,waking,entity_3,68.55999999999995,74.63999999999987,-0.42,0.27,True
32,waking,entity_4,52.0,30.480000000000018,0.25,0.39,True
33,waking,artificial_body,19.117444976124304,44.85402793532371,0.0,0.0,True
33,waking,entity_1,95.65,48.42000000000003,-1.05,0.74,True
33,waking,entity_2,40.20999999999995,65.76999999999992,0.37,-0.31,True
33,waking,entity_3,68.13999999999994,74.90999999999987,-0.42,0.27,True
33,waking,entity_4,52.25,30.87000000000002,0.25,0.39,True
34,waking,artificial_body,19.104154571589714,44.4408077712497,0.0,0.0,True
34,waking,entity_1,94.60000000000001,49.16000000000003,-1.05,0.74,True
34,waking,entity_2,40.57999999999995,65.45999999999992,0.37,-0.31,True
34,waking,entity_3,67.71999999999994,75.17999999999986,-0.42,0.27,True
34,waking,entity_4,52.5,31.26000000000002,0.25,0.39,True
35,waking,artificial_body,19.281456556313113,44.150261213434796,0.0,0.0,True
35,waking,entity_1,93.55000000000001,49.900000000000034,-1.05,0.74,True
35,waking,entity_2,40.949999999999946,65.14999999999992,0.37,-0.31,True
35,waking,entity_3,67.29999999999994,75.44999999999986,-0.42,0.27,True
35,waking,entity_4,52.75,31.65000000000002,0.25,0.39,True
36,waking,artificial_body,19.642969560633855,43.98729158735028,0.0,0.0,True
36,waking,entity_1,92.50000000000001,50.640000000000036,-1.05,0.74,True
36,waking,entity_2,41.31999999999994,64.83999999999992,0.37,-0.31,True
36,waking,entity_3,66.87999999999994,75.71999999999986,-0.42,0.27,True
36,waking,entity_4,53.0,32.04000000000002,0.25,0.39,True
37,waking,artificial_body,20.17568217849633,43.954649203048476,0.0,0.0,True
37,waking,entity_1,91.45000000000002,51.38000000000004,-1.05,0.74,True
37,waking,entity_2,41.68999999999994,64.52999999999992,0.37,-0.31,True
37,waking,entity_3,66.45999999999994,75.98999999999985,-0.42,0.27,True
37,waking,entity_4,53.25,32.43000000000002,0.25,0.39,True
38,waking,artificial_body,20.860421267858303,44.05288494034567,0.0,0.0,True
38,waking,entity_1,90.40000000000002,52.12000000000004,-1.05,0.74,True
38,waking,entity_2,42.05999999999994,64.21999999999991,0.37,-0.31,True
38,waking,entity_3,66.03999999999994,76.25999999999985,-0.42,0.27,True
38,waking,entity_4,53.5,32.82000000000002,0.25,0.39,True
39,waking,artificial_body,21.67254202140343,44.28034095205722,0.0,0.0,True
39,waking,entity_1,89.35000000000002,52.86000000000004,-1.05,0.74,True
39,waking,entity_2,42.429999999999936,63.90999999999991,0.37,-0.31,True
39,waking,entity_3,65.61999999999993,76.52999999999984,-0.42,0.27,True
39,waking,entity_4,53.75,33.21000000000002,0.25,0.39,True
40,waking,artificial_body,22.582814970857346,44.63317864217907,0.0,0.0,True
40,waking,entity_1,88.30000000000003,53.600000000000044,-1.05,0.74,True
40,waking,entity_2,42.79999999999993,63.59999999999991,0.37,-0.31,True
40,waking,entity_3,65.19999999999993,76.79999999999984,-0.42,0.27,True
40,waking,entity_4,54.0,33.60000000000002,0.25,0.39,True
41,waking,artificial_body,23.558478000265083,45.10544344684985,0.0,0.0,True
41,waking,entity_1,87.25000000000003,54.340000000000046,-1.05,0.74,True
41,waking,entity_2,43.16999999999993,63.28999999999991,0.37,-0.31,True
41,waking,entity_3,64.77999999999993,77.06999999999984,-0.42,0.27,True
41,waking,entity_4,54.25,33.99000000000002,0.25,0.39,True
42,waking,artificial_body,24.502978703865747,45.653514994093314,0.0,0.0,True
42,waking,entity_1,86.20000000000003,55.08000000000005,-1.05,0.74,True
42,waking,entity_2,43.53999999999993,62.979999999999905,0.37,-0.31,True
42,waking,entity_3,64.35999999999993,77.33999999999983,-0.42,0.27,True
42,waking,entity_4,54.5,34.380000000000024,0.25,0.39,True
43,waking,artificial_body,25.403746836481677,46.27083239321925,0.0,0.0,True
43,waking,entity_1,85.15000000000003,55.82000000000005,-1.05,0.74,True
43,waking,entity_2,43.909999999999926,62.6699999999999,0.37,-0.31,True
43,waking,entity_3,63.93999999999993,77.60999999999983,-0.42,0.27,True
43,waking,entity_4,54.75,34.770000000000024,0.25,0.39,True
44,waking,artificial_body,26.25259516696249,46.95779710253112,0.0,0.0,True
44,waking,entity_1,84.10000000000004,56.56000000000005,-1.05,0.74,True
44,waking,entity_2,44.27999999999992,62.3599999999999,0.37,-0.31,True
44,waking,entity_3,63.519999999999925,77.87999999999982,-0.42,0.27,True
44,waking,entity_4,55.0,35.160000000000025,0.25,0.39,True
45,waking,artificial_body,27.03771542874365,47.716776795632775,0.0,0.0,True
45,waking,entity_1,83.05000000000004,57.300000000000054,-1.05,0.74,True
45,waking,entity_2,44.64999999999992,62.0499999999999,0.37,-0.31,True
45,waking,entity_3,63.09999999999992,78.14999999999982,-0.42,0.27,True
45,waking,entity_4,55.25,35.550000000000026,0.25,0.39,True
46,waking,artificial_body,27.7427650759035,48.55066467481065,0.0,0.0,True
46,waking,entity_1,82.00000000000004,58.040000000000056,-1.05,0.74,True
46,waking,entity_2,45.01999999999992,61.739999999999895,0.37,-0.31,True
46,waking,entity_3,62.67999999999992,78.41999999999982,-0.42,0.27,True
46,waking,entity_4,55.5,35.940000000000026,0.25,0.39,True
47,waking,artificial_body,28.34601329200703,49.46091496443867,0.0,0.0,True
47,waking,entity_1,80.95000000000005,58.78000000000006,-1.05,0.74,True
47,waking,entity_2,45.389999999999915,61.42999999999989,0.37,-0.31,True
47,waking,entity_3,62.25999999999992,78.68999999999981,-0.42,0.27,True
47,waking,entity_4,55.75,36.33000000000003,0.25,0.39,True
48,waking,artificial_body,28.820191701125985,50.444591149128236,0.0,0.0,True
48,waking,entity_1,79.90000000000005,59.52000000000006,-1.05,0.74,True
48,waking,entity_2,45.75999999999991,61.11999999999989,0.37,-0.31,True
48,waking,entity_3,61.83999999999992,78.95999999999981,-0.42,0.27,True
48,waking,entity_4,56.0,36.72000000000003,0.25,0.39,True
49,waking,artificial_body,29.12267372850199,51.4516513499389,0.0,0.0,True
49,waking,entity_1,78.85000000000005,60.26000000000006,-1.05,0.74,True
49,waking,entity_2,46.12999999999991,60.80999999999989,0.37,-0.31,True
49,waking,entity_3,61.419999999999916,79.2299999999998,-0.42,0.27,True
49,waking,entity_4,56.25,37.11000000000003,0.25,0.39,True
50,waking,artificial_body,29.238116050358894,52.45585519246642,0.0,0.0,True
50,waking,entity_1,77.80000000000005,61.000000000000064,-1.05,0.74,True
50,waking,entity_2,46.49999999999991,60.499999999999886,0.37,-0.31,True
50,waking,entity_3,60.999999999999915,79.4999999999998,-0.42,0.27,True
50,waking,entity_4,56.5,37.50000000000003,0.25,0.39,True
51,waking,artificial_body,29.16236372093339,53.44025551920027,0.0,0.0,True
51,waking,entity_1,76.75000000000006,61.740000000000066,-1.05,0.74,True
51,waking,entity_2,46.869999999999905,60.189999999999884,0.37,-0.31,True
51,waking,entity_3,60.57999999999991,79.7699999999998,-0.42,0.27,True
51,waking,entity_4,56.75,37.89000000000003,0.25,0.39,True
52,waking,artificial_body,28.898143182444798,54.38823938097209,0.0,0.0,True
52,waking,entity_1,75.70000000000006,62.48000000000007,-1.05,0.74,True
52,waking,entity_2,47.2399999999999,59.87999999999988,0.37,-0.31,True
52,waking,entity_3,60.15999999999991,80.0399999999998,-0.42,0.27,True
52,waking,entity_4,57.0,38.28000000000003,0.25,0.39,True
53,waking,artificial_body,28.454964136268778,55.28380840061728,0.0,0.0,True
53,waking,entity_1,74.65000000000006,63.22000000000007,-1.05,0.74,True
53,waking,entity_2,47.6099999999999,59.56999999999988,0.37,-0.31,True
53,waking,entity_3,59.73999999999991,80.30999999999979,-0.42,0.27,True
53,waking,entity_4,57.25,38.67000000000003,0.25,0.39,True
54,waking,artificial_body,27.8487772742372,56.111848764988835,0.0,0.0,True
54,waking,entity_1,73.60000000000007,63.96000000000007,-1.05,0.74,True
54,waking,entity_2,47.9799999999999,59.25999999999988,0.37,-0.31,True
54,waking,entity_3,59.31999999999991,80.57999999999979,-0.42,0.27,True
54,waking,entity_4,57.5,39.06000000000003,0.25,0.39,True
55,waking,artificial_body,27.10140018883831,56.85838628888072,0.0,0.0,True
55,waking,entity_1,72.55000000000007,64.70000000000007,-1.05,0.74,True
55,waking,entity_2,48.349999999999895,58.949999999999875,0.37,-0.31,True
55,waking,entity_3,58.899999999999906,80.84999999999978,-0.42,0.27,True
55,waking,entity_4,57.75,39.45000000000003,0.25,0.39,True
56,waking,artificial_body,26.239732124687254,57.51082224634795,0.0,0.0,True
56,waking,entity_1,71.50000000000007,65.44000000000007,-1.05,0.74,True
56,waking,entity_2,48.71999999999989,58.63999999999987,0.37,-0.31,True
56,waking,entity_3,58.479999999999905,81.11999999999978,-0.42,0.27,True
56,waking,entity_4,58.0,39.84000000000003,0.25,0.39,True
57,waking,artificial_body,26.239732124687254,57.51082224634795,0.0,0.0,True
57,waking,entity_1,70.45000000000007,66.18000000000006,-1.05,0.74,True
57,waking,entity_2,49.08999999999989,58.32999999999987,0.37,-0.31,True
57,waking,entity_3,58.0599999999999,81.38999999999977,-0.42,0.27,True
57,waking,entity_4,58.25,40.23000000000003,0.25,0.39,True
58,waking,artificial_body,26.239732124687254,57.51082224634795,0.0,0.0,True
58,waking,entity_1,69.40000000000008,66.92000000000006,-1.05,0.74,True
58,waking,entity_2,49.45999999999989,58.01999999999987,0.37,-0.31,True
58,waking,entity_3,57.6399999999999,81.65999999999977,-0.42,0.27,True
58,waking,entity_4,58.5,40.62000000000003,0.25,0.39,True
59,waking,artificial_body,26.239732124687254,57.51082224634795,0.0,0.0,True
59,waking,entity_1,68.35000000000008,67.66000000000005,-1.05,0.74,True
59,waking,entity_2,49.829999999999885,57.709999999999866,0.37,-0.31,True
59,waking,entity_3,57.2199999999999,81.92999999999977,-0.42,0.27,True
59,waking,entity_4,58.75,41.01000000000003,0.25,0.39,True
60,waking,artificial_body,26.239732124687254,57.51082224634795,0.0,0.0,True
60,waking,entity_1,67.30000000000008,68.40000000000005,-1.05,0.74,True
60,waking,entity_2,50.19999999999988,57.399999999999864,0.37,-0.31,True
60,waking,entity_3,56.7999999999999,82.19999999999976,-0.42,0.27,True
60,waking,entity_4,59.0,41.400000000000034,0.25,0.39,True
61,waking,artificial_body,26.239732124687254,57.51082224634795,0.0,0.0,True
61,waking,entity_1,66.25000000000009,69.14000000000004,-1.05,0.74,True
61,waking,entity_2,50.56999999999988,57.08999999999986,0.37,-0.31,True
61,waking,entity_3,56.379999999999896,82.46999999999976,-0.42,0.27,True
61,waking,entity_4,59.25,41.790000000000035,0.25,0.39,True
62,waking,artificial_body,26.239732124687254,57.51082224634795,0.0,0.0,True
62,waking,entity_1,65.20000000000009,69.88000000000004,-1.05,0.74,True
62,waking,entity_2,50.93999999999988,56.77999999999986,0.37,-0.31,True
62,waking,entity_3,55.959999999999894,82.73999999999975,-0.42,0.27,True
62,waking,entity_4,59.5,42.180000000000035,0.25,0.39,True
63,waking,artificial_body,26.239732124687254,57.51082224634795,0.0,0.0,True
63,waking,entity_1,64.15000000000009,70.62000000000003,-1.05,0.74,True
63,waking,entity_2,51.309999999999874,56.46999999999986,0.37,-0.31,True
63,waking,entity_3,55.53999999999989,83.00999999999975,-0.42,0.27,True
63,waking,entity_4,59.75,42.570000000000036,0.25,0.39,True
64,waking,artificial_body,26.239732124687254,57.51082224634795,0.0,0.0,True
64,waking,entity_1,63.100000000000094,71.36000000000003,-1.05,0.74,True
64,waking,entity_2,51.67999999999987,56.159999999999854,0.37,-0.31,True
64,waking,entity_3,55.11999999999989,83.27999999999975,-0.42,0.27,True
64,waking,entity_4,60.0,42.960000000000036,0.25,0.39,True
65,waking,artificial_body,26.239732124687254,57.51082224634795,0.0,0.0,True
65,waking,entity_1,62.0500000000001,72.10000000000002,-1.05,0.74,True
65,waking,entity_2,52.04999999999987,55.84999999999985,0.37,-0.31,True
65,waking,entity_3,54.69999999999989,83.54999999999974,-0.42,0.27,True
65,waking,entity_4,60.25,43.35000000000004,0.25,0.39,True
66,waking,artificial_body,26.239732124687254,57.51082224634795,0.0,0.0,True
66,waking,entity_1,61.0000000000001,72.84000000000002,-1.05,0.74,True
66,waking,entity_2,52.41999999999987,55.53999999999985,0.37,-0.31,True
66,waking,entity_3,54.27999999999989,83.81999999999974,-0.42,0.27,True
66,waking,entity_4,60.5,43.74000000000004,0.25,0.39,True
67,waking,artificial_body,26.239732124687254,57.51082224634795,0.0,0.0,True
67,waking,entity_1,59.9500000000001,73.58000000000001,-1.05,0.74,True
67,waking,entity_2,52.789999999999864,55.22999999999985,0.37,-0.31,True
67,waking,entity_3,53.859999999999886,84.08999999999973,-0.42,0.27,True
67,waking,entity_4,60.75,44.13000000000004,0.25,0.39,True
68,waking,artificial_body,26.239732124687254,57.51082224634795,0.0,0.0,True
68,waking,entity_1,58.900000000000105,74.32000000000001,-1.05,0.74,True
68,waking,entity_2,53.15999999999986,54.919999999999845,0.37,-0.31,True
68,waking,entity_3,53.439999999999884,84.35999999999973,-0.42,0.27,True
68,waking,entity_4,61.0,44.52000000000004,0.25,0.39,True
69,waking,artificial_body,26.239732124687254,57.51082224634795,0.0,0.0,True
69,waking,entity_1,57.85000000000011,75.06,-1.05,0.74,True
69,waking,entity_2,53.52999999999986,54.60999999999984,0.37,-0.31,True
69,waking,entity_3,53.01999999999988,84.62999999999973,-0.42,0.27,True
69,waking,entity_4,61.25,44.91000000000004,0.25,0.39,True
70,waking,artificial_body,26.239732124687254,57.51082224634795,0.0,0.0,True
70,waking,entity_1,56.80000000000011,75.8,-1.05,0.74,True
70,waking,entity_2,53.89999999999986,54.29999999999984,0.37,-0.31,True
70,waking,entity_3,52.59999999999988,84.89999999999972,-0.42,0.27,True
70,waking,entity_4,61.5,45.30000000000004,0.25,0.39,True
71,waking,artificial_body,26.239732124687254,57.51082224634795,0.0,0.0,True
71,waking,entity_1,55.750000000000114,76.53999999999999,-1.05,0.74,True
71,waking,entity_2,54.269999999999854,53.98999999999984,0.37,-0.31,True
71,waking,entity_3,52.17999999999988,85.16999999999972,-0.42,0.27,True
71,waking,entity_4,61.75,45.69000000000004,0.25,0.39,True
72,waking,artificial_body,26.239732124687254,57.51082224634795,0.0,0.0,True
72,waking,entity_1,54.70000000000012,77.27999999999999,-1.05,0.74,True
72,waking,entity_2,54.63999999999985,53.679999999999836,0.37,-0.31,True
72,waking,entity_3,51.75999999999988,85.43999999999971,-0.42,0.27,True
72,waking,entity_4,62.0,46.08000000000004,0.25,0.39,True
73,waking,artificial_body,26.239732124687254,57.51082224634795,0.0,0.0,True
73,waking,entity_1,53.65000000000012,78.01999999999998,-1.05,0.74,True
73,waking,entity_2,55.00999999999985,53.369999999999834,0.37,-0.31,True
73,waking,entity_3,51.339999999999876,85.70999999999971,-0.42,0.27,True
73,waking,entity_4,62.25,46.47000000000004,0.25,0.39,True
74,waking,artificial_body,26.239732124687254,57.51082224634795,0.0,0.0,True
74,waking,entity_1,52.60000000000012,78.75999999999998,-1.05,0.74,True
74,waking,entity_2,55.379999999999846,53.05999999999983,0.37,-0.31,True
74,waking,entity_3,50.919999999999874,85.9799999999997,-0.42,0.27,True
74,waking,entity_4,62.5,46.86000000000004,0.25,0.39,True
75,waking,artificial_body,26.239732124687254,57.51082224634795,0.0,0.0,True
75,waking,entity_1,51.550000000000125,79.49999999999997,-1.05,0.74,True
75,waking,entity_2,55.749999999999844,52.74999999999983,0.37,-0.31,True
75,waking,entity_3,50.49999999999987,86.2499999999997,-0.42,0.27,True
75,waking,entity_4,62.75,47.25000000000004,0.25,0.39,True
76,waking,artificial_body,26.239732124687254,57.51082224634795,0.0,0.0,True
76,waking,entity_1,50.50000000000013,80.23999999999997,-1.05,0.74,True
76,waking,entity_2,56.11999999999984,52.43999999999983,0.37,-0.31,True
76,waking,entity_3,50.07999999999987,86.5199999999997,-0.42,0.27,True
76,waking,entity_4,63.0,47.64000000000004,0.25,0.39,True
77,waking,artificial_body,26.239732124687254,57.51082224634795,0.0,0.0,True
77,waking,entity_1,49.45000000000013,80.97999999999996,-1.05,0.74,True
77,waking,entity_2,56.48999999999984,52.129999999999825,0.37,-0.31,True
77,waking,entity_3,49.65999999999987,86.7899999999997,-0.42,0.27,True
77,waking,entity_4,63.25,48.030000000000044,0.25,0.39,True
78,waking,artificial_body,26.239732124687254,57.51082224634795,0.0,0.0,True
78,waking,entity_1,48.400000000000134,81.71999999999996,-1.05,0.74,True
78,waking,entity_2,56.859999999999836,51.81999999999982,0.37,-0.31,True
78,waking,entity_3,49.23999999999987,87.05999999999969,-0.42,0.27,True
78,waking,entity_4,63.5,48.420000000000044,0.25,0.39,True
79,waking,artificial_body,26.239732124687254,57.51082224634795,0.0,0.0,True
79,waking,entity_1,47.350000000000136,82.45999999999995,-1.05,0.74,True
79,waking,entity_2,57.22999999999983,51.50999999999982,0.37,-0.31,True
79,waking,entity_3,48.819999999999865,87.32999999999969,-0.42,0.27,True
79,waking,entity_4,63.75,48.810000000000045,0.25,0.39,True
80,waking,artificial_body,26.239732124687254,57.51082224634795,0.0,0.0,True
80,waking,entity_1,46.30000000000014,83.19999999999995,-1.05,0.74,True
80,waking,entity_2,57.59999999999983,51.19999999999982,0.37,-0.31,True
80,waking,entity_3,48.399999999999864,87.59999999999968,-0.42,0.27,True
80,waking,entity_4,64.0,49.200000000000045,0.25,0.39,True
81,waking,artificial_body,26.239732124687254,57.51082224634795,0.0,0.0,True
81,waking,entity_1,45.25000000000014,83.93999999999994,-1.05,0.74,True
81,waking,entity_2,57.96999999999983,50.889999999999816,0.37,-0.31,True
81,waking,entity_3,47.97999999999986,87.86999999999968,-0.42,0.27,True
81,waking,entity_4,64.25,49.590000000000046,0.25,0.39,True
82,waking,artificial_body,26.239732124687254,57.51082224634795,0.0,0.0,True
82,waking,entity_1,44.200000000000145,84.67999999999994,-1.05,0.74,True
82,waking,entity_2,58.339999999999826,50.579999999999814,0.37,-0.31,True
82,waking,entity_3,47.55999999999986,88.13999999999967,-0.42,0.27,True
82,waking,entity_4,64.5,49.98000000000005,0.25,0.39,True
83,waking,artificial_body,26.239732124687254,57.51082224634795,0.0,0.0,True
83,waking,entity_1,43.15000000000015,85.41999999999993,-1.05,0.74,True
83,waking,entity_2,58.70999999999982,50.26999999999981,0.37,-0.31,True
83,waking,entity_3,47.13999999999986,88.40999999999967,-0.42,0.27,True
83,waking,entity_4,64.75,50.37000000000005,0.25,0.39,True
84,waking,artificial_body,26.239732124687254,57.51082224634795,0.0,0.0,True
84,waking,entity_1,42.10000000000015,86.15999999999993,-1.05,0.74,True
84,waking,entity_2,59.07999999999982,49.95999999999981,0.37,-0.31,True
84,waking,entity_3,46.71999999999986,88.67999999999967,-0.42,0.27,True
84,waking,entity_4,65.0,50.76000000000005,0.25,0.39,True
85,waking,artificial_body,26.239732124687254,57.51082224634795,0.0,0.0,True
85,waking,entity_1,41.05000000000015,86.89999999999992,-1.05,0.74,True
85,waking,entity_2,59.44999999999982,49.64999999999981,0.37,-0.31,True
85,waking,entity_3,46.299999999999855,88.94999999999966,-0.42,0.27,True
85,waking,entity_4,65.25,51.15000000000005,0.25,0.39,True
86,waking,artificial_body,26.239732124687254,57.51082224634795,0.0,0.0,True
86,waking,entity_1,40.000000000000156,87.63999999999992,-1.05,0.74,True
86,waking,entity_2,59.819999999999816,49.339999999999804,0.37,-0.31,True
86,waking,entity_3,45.87999999999985,89.21999999999966,-0.42,0.27,True
86,waking,entity_4,65.5,51.54000000000005,0.25,0.39,True
87,waking,artificial_body,26.239732124687254,57.51082224634795,0.0,0.0,True
87,waking,entity_1,38.95000000000016,88.37999999999991,-1.05,0.74,True
87,waking,entity_2,60.18999999999981,49.0299999999998,0.37,-0.31,True
87,waking,entity_3,45.45999999999985,89.48999999999965,-0.42,0.27,True
87,waking,entity_4,65.75,51.93000000000005,0.25,0.39,True
88,waking,artificial_body,26.239732124687254,57.51082224634795,0.0,0.0,True
88,waking,entity_1,37.90000000000016,89.1199999999999,-1.05,0.74,True
88,waking,entity_2,60.55999999999981,48.7199999999998,0.37,-0.31,True
88,waking,entity_3,45.03999999999985,89.75999999999965,-0.42,0.27,True
88,waking,entity_4,66.0,52.32000000000005,0.25,0.39,True
89,waking,artificial_body,26.239732124687254,57.51082224634795,0.0,0.0,True
89,waking,entity_1,36.850000000000165,89.8599999999999,-1.05,0.74,True
89,waking,entity_2,60.92999999999981,48.4099999999998,0.37,-0.31,True
89,waking,entity_3,44.61999999999985,90.02999999999965,-0.42,0.27,True
89,waking,entity_4,66.25,52.71000000000005,0.25,0.39,True
90,waking,artificial_body,26.239732124687254,57.51082224634795,0.0,0.0,True
90,waking,entity_1,35.80000000000017,90.5999999999999,-1.05,0.74,True
90,waking,entity_2,61.299999999999805,48.099999999999795,0.37,-0.31,True
90,waking,entity_3,44.19999999999985,90.29999999999964,-0.42,0.27,True
90,waking,entity_4,66.5,53.10000000000005,0.25,0.39,True
91,waking,artificial_body,26.239732124687254,57.51082224634795,0.0,0.0,True
91,waking,entity_1,34.75000000000017,91.33999999999989,-1.05,0.74,True
91,waking,entity_2,61.6699999999998,47.78999999999979,0.37,-0.31,True
91,waking,entity_3,43.779999999999845,90.56999999999964,-0.42,0.27,True
91,waking,entity_4,66.75,53.49000000000005,0.25,0.39,True
92,waking,artificial_body,26.239732124687254,57.51082224634795,0.0,0.0,True
92,waking,entity_1,33.70000000000017,92.07999999999988,-1.05,0.74,True
92,waking,entity_2,62.0399999999998,47.47999999999979,0.37,-0.31,True
92,waking,entity_3,43.35999999999984,90.83999999999963,-0.42,0.27,True
92,waking,entity_4,67.0,53.88000000000005,0.25,0.39,True
93,waking,artificial_body,26.239732124687254,57.51082224634795,0.0,0.0,True
93,waking,entity_1,32.650000000000176,92.81999999999988,-1.05,0.74,True
93,waking,entity_2,62.4099999999998,47.16999999999979,0.37,-0.31,True
93,waking,entity_3,42.93999999999984,91.10999999999963,-0.42,0.27,True
93,waking,entity_4,67.25,54.27000000000005,0.25,0.39,True
94,waking,artificial_body,26.239732124687254,57.51082224634795,0.0,0.0,True
94,waking,entity_1,31.600000000000176,93.55999999999987,-1.05,0.74,True
94,waking,entity_2,62.779999999999795,46.859999999999786,0.37,-0.31,True
94,waking,entity_3,42.51999999999984,91.37999999999963,-0.42,0.27,True
94,waking,entity_4,67.5,54.66000000000005,0.25,0.39,True
95,waking,artificial_body,26.239732124687254,57.51082224634795,0.0,0.0,True
95,waking,entity_1,30.550000000000175,94.29999999999987,-1.05,0.74,True
95,waking,entity_2,63.14999999999979,46.549999999999784,0.37,-0.31,True
95,waking,entity_3,42.09999999999984,91.64999999999962,-0.42,0.27,True
95,waking,entity_4,67.75,55.050000000000054,0.25,0.39,True
96,post_sleep,artificial_body,26.239732124687254,57.51082224634795,0.0,0.0,True
96,post_sleep,entity_1,29.500000000000174,95.03999999999986,-1.05,0.74,True
96,post_sleep,entity_2,63.51999999999979,46.23999999999978,0.37,-0.31,True
96,post_sleep,entity_3,41.679999999999836,91.91999999999962,-0.42,0.27,True
96,post_sleep,entity_4,68.0,55.440000000000055,0.25,0.39,True
97,post_sleep,artificial_body,26.239732124687254,57.51082224634795,0.0,0.0,True
97,post_sleep,entity_1,28.450000000000173,95.77999999999986,-1.05,0.74,True
97,post_sleep,entity_2,63.88999999999979,45.92999999999978,0.37,-0.31,True
97,post_sleep,entity_3,41.259999999999835,92.18999999999961,-0.42,0.27,True
97,post_sleep,entity_4,68.25,55.830000000000055,0.25,0.39,True
98,post_sleep,artificial_body,26.239732124687254,57.51082224634795,0.0,0.0,True
98,post_sleep,entity_1,27.400000000000173,96.51999999999985,-1.05,0.74,True
98,post_sleep,entity_2,64.25999999999979,45.61999999999978,0.37,-0.31,True
98,post_sleep,entity_3,40.83999999999983,92.45999999999961,-0.42,0.27,True
98,post_sleep,entity_4,68.5,56.220000000000056,0.25,0.39,True
99,post_sleep,artificial_body,26.239732124687254,57.51082224634795,0.0,0.0,True
99,post_sleep,entity_1,26.350000000000172,97.25999999999985,-1.05,0.74,True
99,post_sleep,entity_2,64.6299999999998,45.309999999999775,0.37,-0.31,True
99,post_sleep,entity_3,40.41999999999983,92.7299999999996,-0.42,0.27,True
99,post_sleep,entity_4,68.75,56.610000000000056,0.25,0.39,True
100,post_sleep,artificial_body,26.239732124687254,57.51082224634795,0.0,0.0,True
100,post_sleep,entity_1,25.30000000000017,97.99999999999984,-1.05,0.74,True
100,post_sleep,entity_2,64.9999999999998,44.99999999999977,0.37,-0.31,True
100,post_sleep,entity_3,39.99999999999983,92.9999999999996,-0.42,0.27,True
100,post_sleep,entity_4,69.0,57.00000000000006,0.25,0.39,True
101,post_sleep,artificial_body,26.239732124687254,57.51082224634795,0.0,0.0,True
101,post_sleep,entity_1,24.25000000000017,98.73999999999984,-1.05,0.74,True
101,post_sleep,entity_2,65.3699999999998,44.68999999999977,0.37,-0.31,True
101,post_sleep,entity_3,39.57999999999983,93.2699999999996,-0.42,0.27,True
101,post_sleep,entity_4,69.25,57.39000000000006,0.25,0.39,True
102,post_sleep,artificial_body,26.239732124687254,57.51082224634795,0.0,0.0,True
102,post_sleep,entity_1,23.20000000000017,98.8,-1.05,-0.74,True
102,post_sleep,entity_2,65.73999999999981,44.37999999999977,0.37,-0.31,True
102,post_sleep,entity_3,39.159999999999826,93.5399999999996,-0.42,0.27,True
102,post_sleep,entity_4,69.5,57.78000000000006,0.25,0.39,True
103,post_sleep,artificial_body,26.239732124687254,57.51082224634795,0.0,0.0,True
103,post_sleep,entity_1,22.15000000000017,98.06,-1.05,-0.74,True
103,post_sleep,entity_2,66.10999999999981,44.069999999999766,0.37,-0.31,True
103,post_sleep,entity_3,38.739999999999824,93.80999999999959,-0.42,0.27,True
103,post_sleep,entity_4,69.75,58.17000000000006,0.25,0.39,True
104,post_sleep,artificial_body,26.239732124687254,57.51082224634795,0.0,0.0,True
104,post_sleep,entity_1,21.10000000000017,97.32000000000001,-1.05,-0.74,True
104,post_sleep,entity_2,66.47999999999982,43.75999999999976,0.37,-0.31,True
104,post_sleep,entity_3,38.31999999999982,94.07999999999959,-0.42,0.27,True
104,post_sleep,entity_4,70.0,58.56000000000006,0.25,0.39,True
105,post_sleep,artificial_body,26.239732124687254,57.51082224634795,0.0,0.0,True
105,post_sleep,entity_1,20.050000000000168,96.58000000000001,-1.05,-0.74,True
105,post_sleep,entity_2,66.84999999999982,43.44999999999976,0.37,-0.31,True
105,post_sleep,entity_3,37.89999999999982,94.34999999999958,-0.42,0.27,True
105,post_sleep,entity_4,70.25,58.95000000000006,0.25,0.39,True
106,post_sleep,artificial_body,26.239732124687254,57.51082224634795,0.0,0.0,True
106,post_sleep,entity_1,19.000000000000167,95.84000000000002,-1.05,-0.74,True
106,post_sleep,entity_2,67.21999999999983,43.13999999999976,0.37,-0.31,True
106,post_sleep,entity_3,37.47999999999982,94.61999999999958,-0.42,0.27,True
106,post_sleep,entity_4,70.5,59.34000000000006,0.25,0.39,True
107,post_sleep,artificial_body,26.239732124687254,57.51082224634795,0.0,0.0,True
107,post_sleep,entity_1,17.950000000000166,95.10000000000002,-1.05,-0.74,True
107,post_sleep,entity_2,67.58999999999983,42.82999999999976,0.37,-0.31,True
107,post_sleep,entity_3,37.05999999999982,94.88999999999957,-0.42,0.27,True
107,post_sleep,entity_4,70.75,59.73000000000006,0.25,0.39,True
108,post_sleep,artificial_body,26.239732124687254,57.51082224634795,0.0,0.0,True
108,post_sleep,entity_1,16.900000000000166,94.36000000000003,-1.05,-0.74,True
108,post_sleep,entity_2,67.95999999999984,42.519999999999754,0.37,-0.31,True
108,post_sleep,entity_3,36.639999999999816,95.15999999999957,-0.42,0.27,True
108,post_sleep,entity_4,71.0,60.12000000000006,0.25,0.39,True
109,post_sleep,artificial_body,26.239732124687254,57.51082224634795,0.0,0.0,True
109,post_sleep,entity_1,15.850000000000165,93.62000000000003,-1.05,-0.74,True
109,post_sleep,entity_2,68.32999999999984,42.20999999999975,0.37,-0.31,True
109,post_sleep,entity_3,36.219999999999814,95.42999999999957,-0.42,0.27,True
109,post_sleep,entity_4,71.25,60.51000000000006,0.25,0.39,True
110,post_sleep,artificial_body,26.239732124687254,57.51082224634795,0.0,0.0,True
110,post_sleep,entity_1,14.800000000000164,92.88000000000004,-1.05,-0.74,True
110,post_sleep,entity_2,68.69999999999985,41.89999999999975,0.37,-0.31,True
110,post_sleep,entity_3,35.79999999999981,95.69999999999956,-0.42,0.27,True
110,post_sleep,entity_4,71.5,60.90000000000006,0.25,0.39,True
111,post_sleep,artificial_body,26.239732124687254,57.51082224634795,0.0,0.0,True
111,post_sleep,entity_1,13.750000000000163,92.14000000000004,-1.05,-0.74,True
111,post_sleep,entity_2,69.06999999999985,41.58999999999975,0.37,-0.31,True
111,post_sleep,entity_3,35.37999999999981,95.96999999999956,-0.42,0.27,True
111,post_sleep,entity_4,71.75,61.29000000000006,0.25,0.39,True
112,post_sleep,artificial_body,26.239732124687254,57.51082224634795,0.0,0.0,True
112,post_sleep,entity_1,12.700000000000163,91.40000000000005,-1.05,-0.74,True
112,post_sleep,entity_2,69.43999999999986,41.279999999999745,0.37,-0.31,True
112,post_sleep,entity_3,34.95999999999981,96.23999999999955,-0.42,0.27,True
112,post_sleep,entity_4,72.0,61.680000000000064,0.25,0.39,True
113,post_sleep,artificial_body,26.239732124687254,57.51082224634795,0.0,0.0,True
113,post_sleep,entity_1,11.650000000000162,90.66000000000005,-1.05,-0.74,True
113,post_sleep,entity_2,69.80999999999986,40.96999999999974,0.37,-0.31,True
113,post_sleep,entity_3,34.53999999999981,96.50999999999955,-0.42,0.27,True
113,post_sleep,entity_4,72.25,62.070000000000064,0.25,0.39,True
114,post_sleep,artificial_body,26.239732124687254,57.51082224634795,0.0,0.0,True
114,post_sleep,entity_1,10.600000000000161,89.92000000000006,-1.05,-0.74,True
114,post_sleep,entity_2,70.17999999999986,40.65999999999974,0.37,-0.31,True
114,post_sleep,entity_3,34.119999999999806,96.77999999999955,-0.42,0.27,True
114,post_sleep,entity_4,72.5,62.460000000000065,0.25,0.39,True
115,post_sleep,artificial_body,26.239732124687254,57.51082224634795,0.0,0.0,True
115,post_sleep,entity_1,9.55000000000016,89.18000000000006,-1.05,-0.74,True
115,post_sleep,entity_2,70.54999999999987,40.34999999999974,0.37,-0.31,True
115,post_sleep,entity_3,33.699999999999804,97.04999999999954,-0.42,0.27,True
115,post_sleep,entity_4,72.75,62.850000000000065,0.25,0.39,True
116,post_sleep,artificial_body,26.239732124687254,57.51082224634795,0.0,0.0,True
116,post_sleep,entity_1,8.50000000000016,88.44000000000007,-1.05,-0.74,True
116,post_sleep,entity_2,70.91999999999987,40.039999999999736,0.37,-0.31,True
116,post_sleep,entity_3,33.2799999999998,97.31999999999954,-0.42,0.27,True
116,post_sleep,entity_4,73.0,63.240000000000066,0.25,0.39,True
117,post_sleep,artificial_body,26.239732124687254,57.51082224634795,0.0,0.0,True
117,post_sleep,entity_1,7.45000000000016,87.70000000000007,-1.05,-0.74,True
117,post_sleep,entity_2,71.28999999999988,39.729999999999734,0.37,-0.31,True
117,post_sleep,entity_3,32.8599999999998,97.58999999999953,-0.42,0.27,True
117,post_sleep,entity_4,73.25,63.63000000000007,0.25,0.39,True
118,post_sleep,artificial_body,26.239732124687254,57.51082224634795,0.0,0.0,True
118,post_sleep,entity_1,6.40000000000016,86.96000000000008,-1.05,-0.74,True
118,post_sleep,entity_2,71.65999999999988,39.41999999999973,0.37,-0.31,True
118,post_sleep,entity_3,32.4399999999998,97.85999999999953,-0.42,0.27,True
118,post_sleep,entity_4,73.5,64.02000000000007,0.25,0.39,True
119,post_sleep,artificial_body,26.239732124687254,57.51082224634795,0.0,0.0,True
119,post_sleep,entity_1,5.35000000000016,86.22000000000008,-1.05,-0.74,True
119,post_sleep,entity_2,72.02999999999989,39.10999999999973,0.37,-0.31,True
119,post_sleep,entity_3,32.0199999999998,98.12999999999953,-0.42,0.27,True
119,post_sleep,entity_4,73.75,64.41000000000007,0.25,0.39,True
120,post_sleep,artificial_body,26.239732124687254,57.51082224634795,0.0,0.0,True
120,post_sleep,entity_1,4.300000000000161,85.48000000000009,-1.05,-0.74,True
120,post_sleep,entity_2,72.39999999999989,38.79999999999973,0.37,-0.31,True
120,post_sleep,entity_3,31.599999999999795,98.39999999999952,-0.42,0.27,True
120,post_sleep,entity_4,74.0,64.80000000000007,0.25,0.39,True
121,post_sleep,artificial_body,26.239732124687254,57.51082224634795,0.0,0.0,True
121,post_sleep,entity_1,3.2500000000001608,84.7400000000001,-1.05,-0.74,True
121,post_sleep,entity_2,72.7699999999999,38.489999999999725,0.37,-0.31,True
121,post_sleep,entity_3,31.179999999999794,98.66999999999952,-0.42,0.27,True
121,post_sleep,entity_4,74.25,65.19000000000007,0.25,0.39,True
122,post_sleep,artificial_body,26.239732124687254,57.51082224634795,0.0,0.0,True
122,post_sleep,entity_1,2.200000000000161,84.0000000000001,-1.05,-0.74,True
122,post_sleep,entity_2,73.1399999999999,38.17999999999972,0.37,-0.31,True
122,post_sleep,entity_3,30.759999999999792,98.93999999999951,-0.42,0.27,True
122,post_sleep,entity_4,74.5,65.58000000000007,0.25,0.39,True
123,post_sleep,artificial_body,26.239732124687254,57.51082224634795,0.0,0.0,True
123,post_sleep,entity_1,1.2,83.2600000000001,1.05,-0.74,True
123,post_sleep,entity_2,73.5099999999999,37.86999999999972,0.37,-0.31,True
123,post_sleep,entity_3,30.33999999999979,99.0,-0.42,-0.27,True
123,post_sleep,entity_4,74.75,65.97000000000007,0.25,0.39,True
124,post_sleep,artificial_body,26.239732124687254,57.51082224634795,0.0,0.0,True
124,post_sleep,entity_1,2.25,82.52000000000011,1.05,-0.74,True
124,post_sleep,entity_2,73.87999999999991,37.55999999999972,0.37,-0.31,True
124,post_sleep,entity_3,29.91999999999979,98.73,-0.42,-0.27,True
124,post_sleep,entity_4,75.0,66.36000000000007,0.25,0.39,True
125,post_sleep,artificial_body,26.239732124687254,57.51082224634795,0.0,0.0,True
125,post_sleep,entity_1,3.3,81.78000000000011,1.05,-0.74,True
125,post_sleep,entity_2,74.24999999999991,37.249999999999716,0.37,-0.31,True
125,post_sleep,entity_3,29.499999999999787,98.46000000000001,-0.42,-0.27,True
125,post_sleep,entity_4,75.25,66.75000000000007,0.25,0.39,True
126,post_sleep,artificial_body,26.239732124687254,57.51082224634795,0.0,0.0,True
126,post_sleep,entity_1,4.35,81.04000000000012,1.05,-0.74,True
126,post_sleep,entity_2,74.61999999999992,36.93999999999971,0.37,-0.31,True
126,post_sleep,entity_3,29.079999999999785,98.19000000000001,-0.42,-0.27,True
126,post_sleep,entity_4,75.5,67.14000000000007,0.25,0.39,True
127,post_sleep,artificial_body,26.239732124687254,57.51082224634795,0.0,0.0,True
127,post_sleep,entity_1,5.3999999999999995,80.30000000000013,1.05,-0.74,True
127,post_sleep,entity_2,74.98999999999992,36.62999999999971,0.37,-0.31,True
127,post_sleep,entity_3,28.659999999999783,97.92000000000002,-0.42,-0.27,True
127,post_sleep,entity_4,75.75,67.53000000000007,0.25,0.39,True
