file,tick,vowel,consonant,gate,rms,peak,f0_hz
vowel_a.wav,0,a,,0.0,0.0,0.0,237.9530278068581
vowel_a.wav,1,a,,0.0,0.0,0.0,248.73125743859129
vowel_a.wav,2,a,,0.0,0.0,0.0,255.03221969260397
vowel_a.wav,3,a,,0.0,0.0,0.0,258.66075183358527
vowel_a.wav,4,a,,0.0,0.0,0.0,260.73261176371955
vowel_a.wav,5,a,,0.0,0.0,0.0,261.90995221067914
vowel_a.wav,6,a,,0.0,0.0,0.0,262.577164963584
vowel_a.wav,7,a,,0.0,0.0,0.0,262.9547027751099
vowel_a.wav,8,a,,0.0,0.0,0.0,263.16814499806884
vowel_a.wav,9,a,,0.0,0.0,0.0,263.2887562254938
vowel_a.wav,10,a,,1.0,0.015621799102397728,0.06729084253311157,263.35689199164534
vowel_a.wav,11,a,,1.0,0.03219229363169015,0.11376480013132095,263.3953772835848
vowel_a.wav,12,a,,1.0,0.041523058032776644,0.1357719451189041,263.4171131100713
vowel_a.wav,13,a,,1.0,0.04498518939893555,0.12878790497779846,263.429388517644
vowel_a.wav,14,a,,1.0,0.044465775473477076,0.11548259854316711,263.4363209154888
vowel_a.wav,15,a,,1.0,0.1294909972082644,0.3823254108428955,263.4402358467815
vowel_a.wav,16,a,,1.0,0.15524623927196135,0.3896017074584961,263.44244670513336
vowel_a.wav,17,a,,1.0,0.15371362151720946,0.3713666796684265,263.4436952251073
vowel_a.wav,18,a,,1.0,0.17254332136440392,0.40169405937194824,263.4444002895765
vowel_a.wav,19,a,,1.0,0.175143637411078,0.40858426690101624,263.4447984530931
vowel_a.wav,20,a,,1.0,0.1587765939287116,0.42202290892601013,263.44502330351236
vowel_a.wav,21,a,,1.0,0.14075707571178533,0.41525113582611084,263.4451502807036
vowel_a.wav,22,a,,1.0,0.14907170129008088,0.4127348065376282,263.44522198705164
vowel_a.wav,23,a,,1.0,0.10299743815776406,0.32575559616088867,263.4452624809345
vowel_a.wav,24,a,,1.0,0.09558964104951598,0.290862113237381,263.4452853485667
vowel_a.wav,25,a,,1.0,0.07089810058680902,0.22400107979774475,263.4452982623339
vowel_a.wav,26,a,,1.0,0.0632927578031437,0.2083493024110794,263.44530555497255
vowel_a.wav,27,a,,1.0,0.05786531201454428,0.18787164986133575,263.44530967325784
vowel_a.wav,28,a,,1.0,0.05045331580127643,0.14483875036239624,263.44531199892816
vowel_a.wav,29,a,,1.0,0.10966255702274602,0.3980586528778076,263.44531331227637
vowel_a.wav,30,a,,1.0,0.15313631627582536,0.4010593295097351,263.4453140539479
vowel_a.wav,31,a,,1.0,0.15686450994540105,0.399324893951416,263.44531447278325
vowel_a.wav,32,a,,1.0,0.16154907041262628,0.3719768226146698,263.4453147093072
vowel_a.wav,33,a,,1.0,0.18446850645095192,0.41220197081565857,263.4453148428765
vowel_a.wav,34,a,,1.0,0.16361449403020523,0.4190079867839813,263.44531491830554
vowel_a.wav,35,a,,1.0,0.15363705927596122,0.41417211294174194,263.4453149609017
vowel_a.wav,36,a,,1.0,0.14649400609260513,0.4163699448108673,263.44531498495655
vowel_a.wav,37,a,,1.0,0.12038563525165186,0.3548216223716736,263.4453149985407
vowel_a.wav,38,a,,1.0,0.09784140803436463,0.29451292753219604,263.4453150062119
vowel_a.wav,39,a,,1.0,0.07614061125365189,0.23389923572540283,263.445315010544
vowel_a.wav,40,a,,1.0,0.06482294849291596,0.20698103308677673,263.4453150129904
vowel_a.wav,41,a,,0.0,0.05196040450545514,0.1881258487701416,263.445315014372
vowel_a.wav,42,a,,0.0,0.03496607628840085,0.115879125893116,263.4453150151521
vowel_a.wav,43,a,,0.0,0.03324027051534576,0.13106608390808105,263.4453150155927
vowel_a.wav,44,a,,0.0,0.054970790357208046,0.15466801822185516,263.4453150158415
vowel_a.wav,45,a,,0.0,0.040600103738781076,0.11642897129058838,263.44531501598203
vowel_a.wav,46,a,,0.0,0.02968849555924053,0.07513676583766937,263.4453150160614
vowel_a.wav,47,a,,0.0,0.02582340982060819,0.06219033896923065,263.4453150161062
vowel_a.wav,48,a,,0.0,0.017704527027878184,0.0489545501768589,263.4453150161315
vowel_a.wav,49,a,,0.0,0.011455518309286773,0.036894962191581726,263.4453150161458
vowel_a.wav,50,a,,0.0,0.008662762211756117,0.02674250677227974,263.4453150161538
vowel_a.wav,51,a,,0.0,0.005435172058382671,0.01817423291504383,263.44531501615836
vowel_a.wav,52,a,,0.0,0.0029290892864710424,0.010206567123532295,263.445315016161
vowel_a.wav,53,a,,0.0,0.0018431313830853042,0.006039706524461508,263.44531501616245
vowel_a.wav,54,a,,0.0,0.0011121471597513464,0.0038464029785245657,263.44531501616325
vowel_a.wav,55,a,,0.0,0.0007342410080606397,0.002666145795956254,263.4453150161637
vowel_a.wav,56,a,,0.0,0.00048804035395904824,0.0016715758247300982,263.445315016164
vowel_a.wav,57,a,,0.0,0.0003147947062014686,0.0008993966621346772,263.4453150161641
vowel_a.wav,58,a,,0.0,0.0006437272439051675,0.0019148786086589098,263.4453150161642
vowel_a.wav,59,a,,0.0,0.000566447489783359,0.0016205308493226767,263.4453150161642
vowel_a.wav,60,a,,0.0,0.0004041026807043344,0.0011372707085683942,263.4453150161643
vowel_a.wav,61,a,,0.0,0.000328136574634692,0.0007558531942777336,263.4453150161643
vowel_a.wav,62,a,,0.0,0.0002502827853944129,0.0006758699310012162,263.4453150161643
vowel_a.wav,63,a,,0.0,0.0001657551662123871,0.0004896300379186869,263.4453150161643
vowel_a.wav,64,a,,0.0,0.00010939367281707079,0.00036137906135991216,263.4453150161643
vowel_a.wav,65,a,,0.0,8.348235782833265e-05,0.00027740257792174816,263.4453150161643
vowel_a.wav,66,a,,0.0,4.191407152504201e-05,0.00014634430408477783,263.4453150161643
vowel_a.wav,67,a,,0.0,2.8914929884941e-05,0.00010036014282377437,263.4453150161643
vowel_a.wav,68,a,,0.0,1.5445020087409413e-05,5.311059067025781e-05,263.4453150161643
vowel_a.wav,69,a,,0.0,1.0113776051521413e-05,3.692288009915501e-05,263.4453150161643
vowel_a.wav,70,a,,0.0,6.874690227048298e-06,2.5200710297212936e-05,263.4453150161643
vowel_a.wav,71,a,,0.0,4.328801924966999e-06,1.313159373239614e-05,263.4453150161643
vowel_a.wav,72,a,,0.0,6.854621835590672e-06,2.312198375875596e-05,263.4453150161643
vowel_a.wav,73,a,,0.0,7.230039752019434e-06,2.1546069547184743e-05,263.4453150161643
vowel_a.wav,74,a,,0.0,5.480341397580836e-06,1.648729266889859e-05,263.4453150161643
vowel_a.wav,75,a,,0.0,4.175170113925399e-06,1.0363723049522378e-05,263.4453150161643
vowel_a.wav,76,a,,0.0,3.5912283922267423e-06,9.107381629291922e-06,263.4453150161643
vowel_a.wav,77,a,,0.0,2.3157370023801843e-06,6.481469426944386e-06,263.4453150161643
vowel_a.wav,78,a,,0.0,1.5978371743345724e-06,5.053359018347692e-06,263.4453150161643
vowel_a.wav,79,a,,0.0,1.113783119827397e-06,3.6428816656552954e-06,263.4453150161643
vowel_a.wav,80,a,,0.0,6.769782302137661e-07,2.259913344460074e-06,263.4453150161643
vowel_i.wav,0,i,,0.0,0.0,0.0,237.9530278068581
vowel_i.wav,1,i,,0.0,0.0,0.0,248.73125743859129
vowel_i.wav,2,i,,0.0,0.0,0.0,255.03221969260397
vowel_i.wav,3,i,,0.0,0.0,0.0,258.66075183358527
vowel_i.wav,4,i,,0.0,0.0,0.0,260.73261176371955
vowel_i.wav,5,i,,0.0,0.0,0.0,261.90995221067914
vowel_i.wav,6,i,,0.0,0.0,0.0,262.577164963584
vowel_i.wav,7,i,,0.0,0.0,0.0,262.9547027751099
vowel_i.wav,8,i,,0.0,0.0,0.0,263.16814499806884
vowel_i.wav,9,i,,0.0,0.0,0.0,263.2887562254938
vowel_i.wav,10,i,,1.0,0.03964122638553588,0.11061881482601166,263.35689199164534
vowel_i.wav,11,i,,1.0,0.06478678710352834,0.11889815330505371,263.3953772835848
vowel_i.wav,12,i,,1.0,0.07763191277566492,0.14147739112377167,263.4171131100713
vowel_i.wav,13,i,,1.0,0.07665285029264295,0.13778966665267944,263.429388517644
vowel_i.wav,14,i,,1.0,0.0746652463553126,0.15172681212425232,263.4363209154888
vowel_i.wav,15,i,,1.0,0.09175672857670528,0.1891123503446579,263.4402358467815
vowel_i.wav,16,i,,1.0,0.1022797317462364,0.21666203439235687,263.44244670513336
vowel_i.wav,17,i,,1.0,0.09930128311593392,0.21728046238422394,263.4436952251073
vowel_i.wav,18,i,,1.0,0.10637444785577858,0.22738520801067352,263.4444002895765
vowel_i.wav,19,i,,1.0,0.11008599291024354,0.2423618733882904,263.4447984530931
vowel_i.wav,20,i,,1.0,0.11995596967060886,0.24950993061065674,263.44502330351236
vowel_i.wav,21,i,,1.0,0.11619824247566425,0.23011253774166107,263.4451502807036
vowel_i.wav,22,i,,1.0,0.11674693875940065,0.24216248095035553,263.44522198705164
vowel_i.wav,23,i,,1.0,0.11668906080789189,0.233419269323349,263.4452624809345
vowel_i.wav,24,i,,1.0,0.12118106683740291,0.23743198812007904,263.4452853485667
vowel_i.wav,25,i,,1.0,0.1265067233688015,0.25404638051986694,263.4452982623339
vowel_i.wav,26,i,,1.0,0.09290523982868396,0.21805858612060547,263.44530555497255
vowel_i.wav,27,i,,1.0,0.1041328565770955,0.21743586659431458,263.44530967325784
vowel_i.wav,28,i,,1.0,0.10347177866769905,0.19507639110088348,263.44531199892816
vowel_i.wav,29,i,,1.0,0.105766384818847,0.21205367147922516,263.44531331227637
vowel_i.wav,30,i,,1.0,0.11017989057953907,0.22150343656539917,263.4453140539479
vowel_i.wav,31,i,,1.0,0.11120942289963372,0.22517280280590057,263.44531447278325
vowel_i.wav,32,i,,1.0,0.12605167173665058,0.2600415050983429,263.4453147093072
vowel_i.wav,33,i,,1.0,0.17622381130745335,0.37769123911857605,263.4453148428765
vowel_i.wav,34,i,,1.0,0.21080177086294763,0.4100326895713806,263.44531491830554
vowel_i.wav,35,i,,1.0,0.22735087933191306,0.4156951904296875,263.4453149609017
vowel_i.wav,36,i,,1.0,0.19147526056124953,0.3740064203739166,263.44531498495655
vowel_i.wav,37,i,,1.0,0.12869319166119536,0.2515900433063507,263.4453149985407
vowel_i.wav,38,i,,1.0,0.11050211182960112,0.20393989980220795,263.4453150062119
vowel_i.wav,39,i,,1.0,0.08885090236808972,0.16934558749198914,263.445315010544
vowel_i.wav,40,i,,1.0,0.08396330289283897,0.16893553733825684,263.4453150129904
vowel_i.wav,41,i,,0.0,0.0890508085424489,0.1774131953716278,263.445315014372
vowel_i.wav,42,i,,0.0,0.06899712521858636,0.14806389808654785,263.4453150151521
vowel_i.wav,43,i,,0.0,0.04852881483025919,0.11210896819829941,263.4453150155927
vowel_i.wav,44,i,,0.0,0.038080757598236516,0.08431779593229294,263.4453150158415
vowel_i.wav,45,i,,0.0,0.029186062103184363,0.06911157071590424,263.44531501598203
vowel_i.wav,46,i,,0.0,0.022743191463240674,0.05316706746816635,263.4453150160614
vowel_i.wav,47,i,,0.0,0.01608659062744737,0.03593719005584717,263.4453150161062
vowel_i.wav,48,i,,0.0,0.012059152780888632,0.02820870839059353,263.4453150161315
vowel_i.wav,49,i,,0.0,0.00888330382123023,0.018910245969891548,263.4453150161458
vowel_i.wav,50,i,,0.0,0.006789509285567933,0.013846226967871189,263.4453150161538
vowel_i.wav,51,i,,0.0,0.004857258455905267,0.011170259676873684,263.44531501615836
vowel_i.wav,52,i,,0.0,0.0028004673461436954,0.006202106364071369,263.445315016161
vowel_i.wav,53,i,,0.0,0.0022684745872159355,0.005413424223661423,263.44531501616245
vowel_i.wav,54,i,,0.0,0.0016484100574884445,0.0033087076153606176,263.44531501616325
vowel_i.wav,55,i,,0.0,0.0012864524416098069,0.002850084798410535,263.4453150161637
vowel_i.wav,56,i,,0.0,0.0009470026238329511,0.0019376215059310198,263.445315016164
vowel_i.wav,57,i,,0.0,0.0007299336092444564,0.0015588669339194894,263.4453150161641
vowel_i.wav,58,i,,0.0,0.0006429774562155947,0.0013076250907033682,263.4453150161642
vowel_i.wav,59,i,,0.0,0.0006493705220019891,0.0012839535484090447,263.4453150161642
vowel_i.wav,60,i,,0.0,0.000561460043737627,0.0012089419178664684,263.4453150161643
vowel_i.wav,61,i,,0.0,0.00043041292708391384,0.0008791846339590847,263.4453150161643
vowel_i.wav,62,i,,0.0,0.0002475816122404596,0.0005571538349613547,263.4453150161643
vowel_i.wav,63,i,,0.0,0.00012307666203671252,0.00024959578877314925,263.4453150161643
vowel_i.wav,64,i,,0.0,7.465165899053948e-05,0.00014610271318815649,263.4453150161643
vowel_i.wav,65,i,,0.0,4.719781166804925e-05,9.79945543804206e-05,263.4453150161643
vowel_i.wav,66,i,,0.0,3.580182598418211e-05,7.707782060606405e-05,263.4453150161643
vowel_i.wav,67,i,,0.0,3.0997918570743545e-05,6.344175199046731e-05,263.4453150161643
vowel_i.wav,68,i,,0.0,2.2120488761527034e-05,5.2296367357484996e-05,263.4453150161643
vowel_i.wav,69,i,,0.0,1.6392460921870883e-05,4.0189112041844055e-05,263.4453150161643
vowel_i.wav,70,i,,0.0,1.3277646652244366e-05,2.9338489184738137e-05,263.4453150161643
vowel_i.wav,71,i,,0.0,9.975533133360482e-06,2.1933912648819387e-05,263.4453150161643
vowel_i.wav,72,i,,0.0,7.603727993712333e-06,1.7045162167050876e-05,263.4453150161643
vowel_i.wav,73,i,,0.0,5.310225122369297e-06,1.1921443729079328e-05,263.4453150161643
vowel_i.wav,74,i,,0.0,4.043590111074347e-06,8.926425834943075e-06,263.4453150161643
vowel_i.wav,75,i,,0.0,2.986787007664398e-06,6.597459559998242e-06,263.4453150161643
vowel_i.wav,76,i,,0.0,2.308142519661156e-06,4.689657998824259e-06,263.4453150161643
vowel_i.wav,77,i,,0.0,1.4647782400661446e-06,3.876428309013136e-06,263.4453150161643
vowel_i.wav,78,i,,0.0,1.023867346583885e-06,2.264131126139546e-06,263.4453150161643
vowel_i.wav,79,i,,0.0,7.595162680809415e-07,1.6387490404667915e-06,263.4453150161643
vowel_i.wav,80,i,,0.0,5.606702323059559e-07,1.1671976380966953e-06,263.4453150161643
vowel_u.wav,0,u,,0.0,0.0,0.0,237.9530278068581
vowel_u.wav,1,u,,0.0,0.0,0.0,248.73125743859129
vowel_u.wav,2,u,,0.0,0.0,0.0,255.03221969260397
vowel_u.wav,3,u,,0.0,0.0,0.0,258.66075183358527
vowel_u.wav,4,u,,0.0,0.0,0.0,260.73261176371955
vowel_u.wav,5,u,,0.0,0.0,0.0,261.90995221067914
vowel_u.wav,6,u,,0.0,0.0,0.0,262.577164963584
vowel_u.wav,7,u,,0.0,0.0,0.0,262.9547027751099
vowel_u.wav,8,u,,0.0,0.0,0.0,263.16814499806884
vowel_u.wav,9,u,,0.0,0.0,0.0,263.2887562254938
vowel_u.wav,10,u,,1.0,0.026990889330994666,0.11624162644147873,263.35689199164534
vowel_u.wav,11,u,,1.0,0.056814420661850586,0.18184208869934082,263.3953772835848
vowel_u.wav,12,u,,1.0,0.06654517663292145,0.20354163646697998,263.4171131100713
vowel_u.wav,13,u,,1.0,0.07747070769149572,0.1968335509300232,263.429388517644
vowel_u.wav,14,u,,1.0,0.08218952171301336,0.24966062605381012,263.4363209154888
vowel_u.wav,15,u,,1.0,0.09001939919974965,0.26304179430007935,263.4402358467815
vowel_u.wav,16,u,,1.0,0.08932681156757218,0.29133743047714233,263.44244670513336
vowel_u.wav,17,u,,1.0,0.10100938713298957,0.3403775095939636,263.4436952251073
vowel_u.wav,18,u,,1.0,0.09973337204793675,0.3388943672180176,263.4444002895765
vowel_u.wav,19,u,,1.0,0.09027103599874829,0.3062480390071869,263.4447984530931
vowel_u.wav,20,u,,1.0,0.07146521378636247,0.2467835545539856,263.44502330351236
vowel_u.wav,21,u,,1.0,0.06631354013508103,0.2185520976781845,263.4451502807036
vowel_u.wav,22,u,,1.0,0.06615160634324632,0.20370085537433624,263.44522198705164
vowel_u.wav,23,u,,1.0,0.0790455090971011,0.2173052728176117,263.4452624809345
vowel_u.wav,24,u,,1.0,0.07362780906765536,0.21321137249469757,263.4452853485667
vowel_u.wav,25,u,,1.0,0.06306550309394034,0.1779516190290451,263.4452982623339
vowel_u.wav,26,u,,1.0,0.10070474997876569,0.4160456359386444,263.44530555497255
vowel_u.wav,27,u,,1.0,0.16595894214734067,0.47982779145240784,263.44530967325784
vowel_u.wav,28,u,,1.0,0.19662449613388308,0.5224178433418274,263.44531199892816
vowel_u.wav,29,u,,1.0,0.16624615241597432,0.49426087737083435,263.44531331227637
vowel_u.wav,30,u,,1.0,0.1695468561823666,0.43726667761802673,263.4453140539479
vowel_u.wav,31,u,,1.0,0.1794226551148307,0.4567606449127197,263.44531447278325
vowel_u.wav,32,u,,1.0,0.18878910741534277,0.4569510519504547,263.4453147093072
vowel_u.wav,33,u,,1.0,0.18596170485604158,0.41027364134788513,263.4453148428765
vowel_u.wav,34,u,,1.0,0.16136157399561268,0.3947872221469879,263.44531491830554
vowel_u.wav,35,u,,1.0,0.1423988855212081,0.34985101222991943,263.4453149609017
vowel_u.wav,36,u,,1.0,0.1285658503805211,0.36936360597610474,263.44531498495655
vowel_u.wav,37,u,,1.0,0.11654769950293604,0.32830893993377686,263.4453149985407
vowel_u.wav,38,u,,1.0,0.09097607531189417,0.2945881485939026,263.4453150062119
vowel_u.wav,39,u,,1.0,0.09627893917772608,0.24339160323143005,263.445315010544
vowel_u.wav,40,u,,1.0,0.09752902491633925,0.28449323773384094,263.4453150129904
vowel_u.wav,41,u,,0.0,0.07603416200681988,0.2466549277305603,263.445315014372
vowel_u.wav,42,u,,0.0,0.0617234327997185,0.2020525336265564,263.4453150151521
vowel_u.wav,43,u,,0.0,0.04945100585665473,0.17448309063911438,263.4453150155927
vowel_u.wav,44,u,,0.0,0.03507705953528574,0.13337649405002594,263.4453150158415
vowel_u.wav,45,u,,0.0,0.021922815591875262,0.08580959588289261,263.44531501598203
vowel_u.wav,46,u,,0.0,0.01344643651386643,0.04784626513719559,263.4453150160614
vowel_u.wav,47,u,,0.0,0.009253505550989992,0.03403013199567795,263.4453150161062
vowel_u.wav,48,u,,0.0,0.007010416928763907,0.02216780185699463,263.4453150161315
vowel_u.wav,49,u,,0.0,0.005845902888558253,0.018386580049991608,263.4453150161458
vowel_u.wav,50,u,,0.0,0.004040722908013874,0.012062723748385906,263.4453150161538
vowel_u.wav,51,u,,0.0,0.0023330031361143374,0.006659326609224081,263.44531501615836
vowel_u.wav,52,u,,0.0,0.003657338618658305,0.012975887395441532,263.445315016161
vowel_u.wav,53,u,,0.0,0.004124592439579866,0.011790517717599869,263.44531501616245
vowel_u.wav,54,u,,0.0,0.0031717193186980293,0.010312936268746853,263.44531501616325
vowel_u.wav,55,u,,0.0,0.002114065099196098,0.0071101682260632515,263.4453150161637
vowel_u.wav,56,u,,0.0,0.0015602323631040372,0.004492994863539934,263.445315016164
vowel_u.wav,57,u,,0.0,0.0011936089617907689,0.00349296722561121,263.4453150161641
vowel_u.wav,58,u,,0.0,0.0009067432624841929,0.002338741673156619,263.4453150161642
vowel_u.wav,59,u,,0.0,0.0006151445608041901,0.0016091468278318644,263.4453150161642
vowel_u.wav,60,u,,0.0,0.0004082903025967868,0.0011810825672000647,263.4453150161643
vowel_u.wav,61,u,,0.0,0.0002703613576948235,0.0007312407251447439,263.4453150161643
vowel_u.wav,62,u,,0.0,0.00017643595952649414,0.0005557339172810316,263.4453150161643
vowel_u.wav,63,u,,0.0,0.00010822203510546082,0.00036869957693852484,263.4453150161643
vowel_u.wav,64,u,,0.0,7.035069563567195e-05,0.0002430719177937135,263.4453150161643
vowel_u.wav,65,u,,0.0,5.076011607833957e-05,0.0001410516706528142,263.4453150161643
vowel_u.wav,66,u,,0.0,3.93946142535459e-05,0.00012878629786428064,263.4453150161643
vowel_u.wav,67,u,,0.0,2.6425497733732832e-05,8.36562248878181e-05,263.4453150161643
vowel_u.wav,68,u,,0.0,2.130997451178617e-05,7.424670911859721e-05,263.4453150161643
vowel_u.wav,69,u,,0.0,1.716651678326627e-05,6.34050156804733e-05,263.4453150161643
vowel_u.wav,70,u,,0.0,1.1224685257195657e-05,4.361876563052647e-05,263.4453150161643
vowel_u.wav,71,u,,0.0,6.9850248362231796e-06,2.7486419639899395e-05,263.4453150161643
vowel_u.wav,72,u,,0.0,4.423051642263106e-06,1.4933833881514147e-05,263.4453150161643
vowel_u.wav,73,u,,0.0,3.0018241768314435e-06,9.636444701754954e-06,263.4453150161643
vowel_u.wav,74,u,,0.0,2.506978199479783e-06,7.823487976565957e-06,263.4453150161643
vowel_u.wav,75,u,,0.0,1.8900500026358806e-06,5.6897847571235616e-06,263.4453150161643
vowel_u.wav,76,u,,0.0,1.227568681919717e-06,3.94611515730503e-06,263.4453150161643
vowel_u.wav,77,u,,0.0,8.3602618731892e-07,2.4211519757955102e-06,263.4453150161643
vowel_u.wav,78,u,,0.0,1.5664020146176986e-06,4.7032949623826426e-06,263.4453150161643
vowel_u.wav,79,u,,0.0,1.3967100902224701e-06,4.05181663154508e-06,263.4453150161643
vowel_u.wav,80,u,,0.0,1.004203712018165e-06,3.321180201965035e-06,263.4453150161643
vowel_e.wav,0,e,,0.0,0.0,0.0,237.9530278068581
vowel_e.wav,1,e,,0.0,0.0,0.0,248.73125743859129
vowel_e.wav,2,e,,0.0,0.0,0.0,255.03221969260397
vowel_e.wav,3,e,,0.0,0.0,0.0,258.66075183358527
vowel_e.wav,4,e,,0.0,0.0,0.0,260.73261176371955
vowel_e.wav,5,e,,0.0,0.0,0.0,261.90995221067914
vowel_e.wav,6,e,,0.0,0.0,0.0,262.577164963584
vowel_e.wav,7,e,,0.0,0.0,0.0,262.9547027751099
vowel_e.wav,8,e,,0.0,0.0,0.0,263.16814499806884
vowel_e.wav,9,e,,0.0,0.0,0.0,263.2887562254938
vowel_e.wav,10,e,,1.0,0.014605296348438811,0.06878943741321564,263.35689199164534
vowel_e.wav,11,e,,1.0,0.03307253271802753,0.1085532084107399,263.3953772835848
vowel_e.wav,12,e,,1.0,0.04583358088962181,0.1405494511127472,263.4171131100713
vowel_e.wav,13,e,,1.0,0.06022412808490578,0.16459563374519348,263.429388517644
vowel_e.wav,14,e,,1.0,0.06781095118310214,0.1997707486152649,263.4363209154888
vowel_e.wav,15,e,,1.0,0.09662342412668004,0.28789159655570984,263.4402358467815
vowel_e.wav,16,e,,1.0,0.11578386179292062,0.37128058075904846,263.44244670513336
vowel_e.wav,17,e,,1.0,0.1415557402617673,0.43662312626838684,263.4436952251073
vowel_e.wav,18,e,,1.0,0.15213547707303188,0.488510400056839,263.4444002895765
vowel_e.wav,19,e,,1.0,0.15560498739479342,0.47146230936050415,263.4447984530931
vowel_e.wav,20,e,,1.0,0.15273060187878046,0.4652242958545685,263.44502330351236
vowel_e.wav,21,e,,1.0,0.16529607109499833,0.4850582182407379,263.4451502807036
vowel_e.wav,22,e,,1.0,0.17125043863258427,0.5163472890853882,263.44522198705164
vowel_e.wav,23,e,,1.0,0.14897062460913957,0.48221248388290405,263.4452624809345
vowel_e.wav,24,e,,1.0,0.12048777107498562,0.435179740190506,263.4452853485667
vowel_e.wav,25,e,,1.0,0.10241553946962732,0.3554891049861908,263.4452982623339
vowel_e.wav,26,e,,1.0,0.07847884745312636,0.26826968789100647,263.44530555497255
vowel_e.wav,27,e,,1.0,0.06919636107297163,0.2103324681520462,263.44530967325784
vowel_e.wav,28,e,,1.0,0.07127258570592854,0.204147607088089,263.44531199892816
vowel_e.wav,29,e,,1.0,0.07395820980422181,0.20605239272117615,263.44531331227637
vowel_e.wav,30,e,,1.0,0.07205578084461184,0.21653114259243011,263.4453140539479
vowel_e.wav,31,e,,1.0,0.10330537199202941,0.3024013042449951,263.44531447278325
vowel_e.wav,32,e,,1.0,0.12461133481945834,0.37611687183380127,263.4453147093072
vowel_e.wav,33,e,,1.0,0.1388309986633003,0.4480500817298889,263.4453148428765
vowel_e.wav,34,e,,1.0,0.158422788037946,0.4956546127796173,263.44531491830554
vowel_e.wav,35,e,,1.0,0.1519737754375344,0.4756389856338501,263.4453149609017
vowel_e.wav,36,e,,1.0,0.1552406450507287,0.4653926491737366,263.44531498495655
vowel_e.wav,37,e,,1.0,0.17654896619881325,0.514989972114563,263.4453149985407
vowel_e.wav,38,e,,1.0,0.16338035081372682,0.5130806565284729,263.4453150062119
vowel_e.wav,39,e,,1.0,0.145704935973431,0.4828384816646576,263.445315010544
vowel_e.wav,40,e,,1.0,0.12385507488749585,0.4365515410900116,263.4453150129904
vowel_e.wav,41,e,,0.0,0.08598483889016324,0.33095768094062805,263.445315014372
vowel_e.wav,42,e,,0.0,0.046902021699170356,0.1756821572780609,263.4453150151521
vowel_e.wav,43,e,,0.0,0.033287038052178156,0.11522439122200012,263.4453150155927
vowel_e.wav,44,e,,0.0,0.02474997816466355,0.07698079943656921,263.4453150158415
vowel_e.wav,45,e,,0.0,0.018784926729925634,0.05882410705089569,263.44531501598203
vowel_e.wav,46,e,,0.0,0.013613336886410107,0.036371562629938126,263.4453150160614
vowel_e.wav,47,e,,0.0,0.014236911730946161,0.04213098809123039,263.4453150161062
vowel_e.wav,48,e,,0.0,0.013183699936111595,0.038616377860307693,263.4453150161315
vowel_e.wav,49,e,,0.0,0.011219340869864671,0.037921302020549774,263.4453150161458
vowel_e.wav,50,e,,0.0,0.008522530241543154,0.031143441796302795,263.4453150161538
vowel_e.wav,51,e,,0.0,0.006381041228846338,0.02353665418922901,263.44531501615836
vowel_e.wav,52,e,,0.0,0.005158450406746673,0.016746090725064278,263.445315016161
vowel_e.wav,53,e,,0.0,0.003782569860333447,0.012436608783900738,263.44531501616245
vowel_e.wav,54,e,,0.0,0.0027154422763588015,0.010293900966644287,263.44531501616325
vowel_e.wav,55,e,,0.0,0.0017779432614162744,0.006996013689786196,263.4453150161637
vowel_e.wav,56,e,,0.0,0.0011065208806368743,0.0045270416885614395,263.445315016164
vowel_e.wav,57,e,,0.0,0.0006347592578239934,0.002560229506343603,263.4453150161641
vowel_e.wav,58,e,,0.0,0.00034917089809582914,0.0013189488090574741,263.4453150161642
vowel_e.wav,59,e,,0.0,0.00022897862246129625,0.0007668428588658571,263.4453150161642
vowel_e.wav,60,e,,0.0,0.00018411068162586496,0.0005654807318933308,263.4453150161643
vowel_e.wav,61,e,,0.0,0.00013655331203759932,0.00043588399421423674,263.4453150161643
vowel_e.wav,62,e,,0.0,9.875324182192655e-05,0.00027195175061933696,263.4453150161643
vowel_e.wav,63,e,,0.0,0.00011309469589185579,0.0003138450556434691,263.4453150161643
vowel_e.wav,64,e,,0.0,8.81037023150394e-05,0.0002795207838062197,263.4453150161643
vowel_e.wav,65,e,,0.0,8.399567665934588e-05,0.00027920136926695704,263.4453150161643
vowel_e.wav,66,e,,0.0,6.156832681971293e-05,0.00022937526227906346,263.4453150161643
vowel_e.wav,67,e,,0.0,4.9708258053720915e-05,0.00017388243577443063,263.4453150161643
vowel_e.wav,68,e,,0.0,3.477699402010565e-05,0.00011623275349847972,263.4453150161643
vowel_e.wav,69,e,,0.0,2.772386715023266e-05,9.267521818401292e-05,263.4453150161643
vowel_e.wav,70,e,,0.0,1.989341904472118e-05,7.549855945399031e-05,263.4453150161643
vowel_e.wav,71,e,,0.0,1.3066114457786671e-05,5.1841765525750816e-05,263.4453150161643
vowel_e.wav,72,e,,0.0,8.111904769570445e-06,3.352227940922603e-05,263.4453150161643
vowel_e.wav,73,e,,0.0,4.655250413079361e-06,1.8954540792037733e-05,263.4453150161643
vowel_e.wav,74,e,,0.0,2.576413823510698e-06,9.724213668960147e-06,263.4453150161643
vowel_e.wav,75,e,,0.0,1.6816909333003178e-06,5.66675589652732e-06,263.4453150161643
vowel_e.wav,76,e,,0.0,1.3032833605790149e-06,3.7121021705388557e-06,263.4453150161643
vowel_e.wav,77,e,,0.0,1.001254523250769e-06,3.2011746498028515e-06,263.4453150161643
vowel_e.wav,78,e,,0.0,7.738949983009e-07,2.140039441655972e-06,263.4453150161643
vowel_e.wav,79,e,,0.0,7.953884925757834e-07,2.3301570308831288e-06,263.4453150161643
vowel_e.wav,80,e,,0.0,6.832716403328112e-07,2.0727943592646625e-06,263.4453150161643
vowel_o.wav,0,o,,0.0,0.0,0.0,237.9530278068581
vowel_o.wav,1,o,,0.0,0.0,0.0,248.73125743859129
vowel_o.wav,2,o,,0.0,0.0,0.0,255.03221969260397
vowel_o.wav,3,o,,0.0,0.0,0.0,258.66075183358527
vowel_o.wav,4,o,,0.0,0.0,0.0,260.73261176371955
vowel_o.wav,5,o,,0.0,0.0,0.0,261.90995221067914
vowel_o.wav,6,o,,0.0,0.0,0.0,262.577164963584
vowel_o.wav,7,o,,0.0,0.0,0.0,262.9547027751099
vowel_o.wav,8,o,,0.0,0.0,0.0,263.16814499806884
vowel_o.wav,9,o,,0.0,0.0,0.0,263.2887562254938
vowel_o.wav,10,o,,1.0,0.01897907347355795,0.06304782629013062,263.35689199164534
vowel_o.wav,11,o,,1.0,0.038944131298961945,0.0917147547006607,263.3953772835848
vowel_o.wav,12,o,,1.0,0.04996671182165857,0.10596556961536407,263.4171131100713
vowel_o.wav,13,o,,1.0,0.06989174244604156,0.2508270740509033,263.429388517644
vowel_o.wav,14,o,,1.0,0.10624277693072916,0.2926291525363922,263.4363209154888
vowel_o.wav,15,o,,1.0,0.1320900297311369,0.399726003408432,263.4402358467815
vowel_o.wav,16,o,,1.0,0.17213663165996526,0.5116124749183655,263.44244670513336
vowel_o.wav,17,o,,1.0,0.18597929530229212,0.5139835476875305,263.4436952251073
vowel_o.wav,18,o,,1.0,0.14023129109937094,0.42274537682533264,263.4444002895765
vowel_o.wav,19,o,,1.0,0.12713372617172067,0.3508199453353882,263.4447984530931
vowel_o.wav,20,o,,1.0,0.11443169022673261,0.2803212106227875,263.44502330351236
vowel_o.wav,21,o,,1.0,0.12736391943825628,0.3204028010368347,263.4451502807036
vowel_o.wav,22,o,,1.0,0.11297769261859458,0.28420764207839966,263.44522198705164
vowel_o.wav,23,o,,1.0,0.09322918851620261,0.23013542592525482,263.4452624809345
vowel_o.wav,24,o,,1.0,0.07854831176248561,0.18027417361736298,263.4452853485667
vowel_o.wav,25,o,,1.0,0.06523579798650872,0.20342379808425903,263.4452982623339
vowel_o.wav,26,o,,1.0,0.11118516118403385,0.30047205090522766,263.44530555497255
vowel_o.wav,27,o,,1.0,0.130680718391121,0.35831430554389954,263.44530967325784
vowel_o.wav,28,o,,1.0,0.15419440541498766,0.461128294467926,263.44531199892816
vowel_o.wav,29,o,,1.0,0.1990138486618085,0.5222994089126587,263.44531331227637
vowel_o.wav,30,o,,1.0,0.1543940590277886,0.5114511847496033,263.4453140539479
vowel_o.wav,31,o,,1.0,0.1382506009846824,0.3955687880516052,263.44531447278325
vowel_o.wav,32,o,,1.0,0.11405460571204523,0.292567640542984,263.4453147093072
vowel_o.wav,33,o,,1.0,0.12147332839963933,0.32174718379974365,263.4453148428765
vowel_o.wav,34,o,,1.0,0.12515355623127974,0.30628153681755066,263.44531491830554
vowel_o.wav,35,o,,1.0,0.10199865278426472,0.25728195905685425,263.4453149609017
vowel_o.wav,36,o,,1.0,0.08329452308053843,0.19849969446659088,263.44531498495655
vowel_o.wav,37,o,,1.0,0.07209714192529543,0.1607999950647354,263.4453149985407
vowel_o.wav,38,o,,1.0,0.0908055469543372,0.29407018423080444,263.4453150062119
vowel_o.wav,39,o,,1.0,0.12123146078667034,0.3382193148136139,263.445315010544
vowel_o.wav,40,o,,1.0,0.14222765130997134,0.41733309626579285,263.4453150129904
vowel_o.wav,41,o,,0.0,0.15062649505591028,0.4529627859592438,263.445315014372
vowel_o.wav,42,o,,0.0,0.12889919747774312,0.4043894410133362,263.4453150151521
vowel_o.wav,43,o,,0.0,0.07032307616883827,0.23842252790927887,263.4453150155927
vowel_o.wav,44,o,,0.0,0.04183139271460466,0.12798431515693665,263.4453150158415
vowel_o.wav,45,o,,0.0,0.029896265372968123,0.0808105319738388,263.44531501598203
vowel_o.wav,46,o,,0.0,0.024654731091279396,0.06522169709205627,263.4453150160614
vowel_o.wav,47,o,,0.0,0.015739390493754304,0.04524781554937363,263.4453150161062
vowel_o.wav,48,o,,0.0,0.009615483408805716,0.026734966784715652,263.4453150161315
vowel_o.wav,49,o,,0.0,0.00588834682550559,0.015397937968373299,263.4453150161458
vowel_o.wav,50,o,,0.0,0.00343784883594136,0.010115431621670723,263.4453150161538
vowel_o.wav,51,o,,0.0,0.00460047665724892,0.013149198144674301,263.44531501615836
vowel_o.wav,52,o,,0.0,0.003970878481969079,0.010739542543888092,263.445315016161
vowel_o.wav,53,o,,0.0,0.0034901569250786234,0.010463455691933632,263.44531501616245
vowel_o.wav,54,o,,0.0,0.0034243053965742174,0.010639971122145653,263.44531501616325
vowel_o.wav,55,o,,0.0,0.001977827739222528,0.007460336666554213,263.4453150161637
vowel_o.wav,56,o,,0.0,0.0011986034814022728,0.004188313614577055,263.445315016164
vowel_o.wav,57,o,,0.0,0.0007488268702119826,0.0021068116184324026,263.4453150161641
vowel_o.wav,58,o,,0.0,0.0005798253097844534,0.0014816324692219496,263.4453150161642
vowel_o.wav,59,o,,0.0,0.00043088323307274287,0.0012234244495630264,263.4453150161642
vowel_o.wav,60,o,,0.0,0.000263908048545529,0.0007526358822360635,263.4453150161643
vowel_o.wav,61,o,,0.0,0.00015532825177704516,0.0004265225725248456,263.4453150161643
vowel_o.wav,62,o,,0.0,9.667970056997256e-05,0.0002417140785837546,263.4453150161643
vowel_o.wav,63,o,,0.0,9.024347424579605e-05,0.00028311400092206895,263.4453150161643
vowel_o.wav,64,o,,0.0,9.09969557393869e-05,0.0002510486519895494,263.4453150161643
vowel_o.wav,65,o,,0.0,7.797079224459206e-05,0.0002238068263977766,263.4453150161643
vowel_o.wav,66,o,,0.0,7.723239469385401e-05,0.00023126756423152983,263.4453150161643
vowel_o.wav,67,o,,0.0,5.502931307097511e-05,0.00018969640950672328,263.4453150161643
vowel_o.wav,68,o,,0.0,3.279329899756833e-05,0.00011347085819579661,263.4453150161643
vowel_o.wav,69,o,,0.0,1.9556737383401535e-05,5.98747719777748e-05,263.4453150161643
vowel_o.wav,70,o,,0.0,1.3679146783802939e-05,3.757361264433712e-05,263.4453150161643
vowel_o.wav,71,o,,0.0,1.1224258426328063e-05,3.017102790181525e-05,263.4453150161643
vowel_o.wav,72,o,,0.0,7.2691279644707875e-06,2.131258042936679e-05,263.4453150161643
vowel_o.wav,73,o,,0.0,4.306995283721973e-06,1.215167958434904e-05,263.4453150161643
vowel_o.wav,74,o,,0.0,2.583514505785254e-06,6.2777335188002326e-06,263.4453150161643
vowel_o.wav,75,o,,0.0,1.7090076369778413e-06,5.764304660260677e-06,263.4453150161643
vowel_o.wav,76,o,,0.0,2.131323649912443e-06,6.175584530865308e-06,263.4453150161643
vowel_o.wav,77,o,,0.0,1.8185164064978072e-06,4.9493296501168516e-06,263.4453150161643
vowel_o.wav,78,o,,0.0,1.5200489271193327e-06,4.852486199524719e-06,263.4453150161643
vowel_o.wav,79,o,,0.0,1.593640348727515e-06,4.917925252811983e-06,263.4453150161643
vowel_o.wav,80,o,,0.0,9.092384749205141e-07,3.4710319596342742e-06,263.4453150161643
vowel_y.wav,0,y,,0.0,0.0,0.0,237.9530278068581
vowel_y.wav,1,y,,0.0,0.0,0.0,248.73125743859129
vowel_y.wav,2,y,,0.0,0.0,0.0,255.03221969260397
vowel_y.wav,3,y,,0.0,0.0,0.0,258.66075183358527
vowel_y.wav,4,y,,0.0,0.0,0.0,260.73261176371955
vowel_y.wav,5,y,,0.0,0.0,0.0,261.90995221067914
vowel_y.wav,6,y,,0.0,0.0,0.0,262.577164963584
vowel_y.wav,7,y,,0.0,0.0,0.0,262.9547027751099
vowel_y.wav,8,y,,0.0,0.0,0.0,263.16814499806884
vowel_y.wav,9,y,,0.0,0.0,0.0,263.2887562254938
vowel_y.wav,10,y,,1.0,0.03294683670582776,0.10634122788906097,263.35689199164534
vowel_y.wav,11,y,,1.0,0.0797091003109113,0.1799807995557785,263.3953772835848
vowel_y.wav,12,y,,1.0,0.1158672527217302,0.22926098108291626,263.4171131100713
vowel_y.wav,13,y,,1.0,0.1197661708982005,0.25588637590408325,263.429388517644
vowel_y.wav,14,y,,1.0,0.13222853353860192,0.2500476837158203,263.4363209154888
vowel_y.wav,15,y,,1.0,0.1108114913437794,0.23637479543685913,263.4402358467815
vowel_y.wav,16,y,,1.0,0.10705321172353771,0.22069625556468964,263.44244670513336
vowel_y.wav,17,y,,1.0,0.08551200498714222,0.1623183786869049,263.4436952251073
vowel_y.wav,18,y,,1.0,0.067814023100004,0.12887191772460938,263.4444002895765
vowel_y.wav,19,y,,1.0,0.08534292668400702,0.1990932822227478,263.4447984530931
vowel_y.wav,20,y,,1.0,0.10787154714471997,0.25557181239128113,263.44502330351236
vowel_y.wav,21,y,,1.0,0.10603537896252307,0.22909453511238098,263.4451502807036
vowel_y.wav,22,y,,1.0,0.11787738522181544,0.242723748087883,263.44522198705164
vowel_y.wav,23,y,,1.0,0.1344507548388942,0.2747401297092438,263.4452624809345
vowel_y.wav,24,y,,1.0,0.15224390959139228,0.31910499930381775,263.4452853485667
vowel_y.wav,25,y,,1.0,0.17941075947169982,0.3409461975097656,263.4452982623339
vowel_y.wav,26,y,,1.0,0.1642255466941657,0.3628420829772949,263.44530555497255
vowel_y.wav,27,y,,1.0,0.09571751483171054,0.28081366419792175,263.44530967325784
vowel_y.wav,28,y,,1.0,0.09613166734257501,0.25264766812324524,263.44531199892816
vowel_y.wav,29,y,,1.0,0.16934253393898702,0.3463941514492035,263.44531331227637
vowel_y.wav,30,y,,1.0,0.16044824292613083,0.3189714550971985,263.4453140539479
vowel_y.wav,31,y,,1.0,0.16515800592669602,0.31573256850242615,263.44531447278325
vowel_y.wav,32,y,,1.0,0.14182965623649715,0.2860618233680725,263.4453147093072
vowel_y.wav,33,y,,1.0,0.13486472527860005,0.2530675530433655,263.4453148428765
vowel_y.wav,34,y,,1.0,0.11103175134677622,0.24231655895709991,263.44531491830554
vowel_y.wav,35,y,,1.0,0.0993389551794002,0.1855839043855667,263.4453149609017
vowel_y.wav,36,y,,1.0,0.07955233509880637,0.14298143982887268,263.44531498495655
vowel_y.wav,37,y,,1.0,0.06913147033154551,0.1670563966035843,263.4453149985407
vowel_y.wav,38,y,,1.0,0.09911730526215716,0.2550758123397827,263.4453150062119
vowel_y.wav,39,y,,1.0,0.11091889645592783,0.25469380617141724,263.445315010544
vowel_y.wav,40,y,,1.0,0.10917853882038825,0.23354068398475647,263.4453150129904
vowel_y.wav,41,y,,0.0,0.1093960281169717,0.23851968348026276,263.445315014372
vowel_y.wav,42,y,,0.0,0.09413198060403323,0.1885269731283188,263.4453150151521
vowel_y.wav,43,y,,0.0,0.07873722212304893,0.1654711216688156,263.4453150155927
vowel_y.wav,44,y,,0.0,0.0636995181704932,0.12966598570346832,263.4453150158415
vowel_y.wav,45,y,,0.0,0.033895620612906636,0.09874771535396576,263.44531501598203
vowel_y.wav,46,y,,0.0,0.014534474494087169,0.033412083983421326,263.4453150160614
vowel_y.wav,47,y,,0.0,0.020432750889502416,0.04771018773317337,263.4453150161062
vowel_y.wav,48,y,,0.0,0.016678209047901942,0.03677571564912796,263.4453150161315
vowel_y.wav,49,y,,0.0,0.012211656110547942,0.025667250156402588,263.4453150161458
vowel_y.wav,50,y,,0.0,0.008760041461630204,0.01967475935816765,263.4453150161538
vowel_y.wav,51,y,,0.0,0.005628610389352018,0.012187505140900612,263.44531501615836
vowel_y.wav,52,y,,0.0,0.003775541827070206,0.008375461213290691,263.445315016161
vowel_y.wav,53,y,,0.0,0.0022533201006169857,0.005182414315640926,263.44531501616245
vowel_y.wav,54,y,,0.0,0.001461953677485544,0.003076621564105153,263.44531501616325
vowel_y.wav,55,y,,0.0,0.0008193876254109112,0.0016747033223509789,263.4453150161637
vowel_y.wav,56,y,,0.0,0.0007457922574706253,0.00163421465549618,263.445315016164
vowel_y.wav,57,y,,0.0,0.0006867747364439252,0.001772492192685604,263.4453150161641
vowel_y.wav,58,y,,0.0,0.0005126830390705974,0.0012426183093339205,263.4453150161642
vowel_y.wav,59,y,,0.0,0.0003990143952181901,0.0008436636417172849,263.4453150161642
vowel_y.wav,60,y,,0.0,0.00035077472588702793,0.0007325976039282978,263.4453150161643
vowel_y.wav,61,y,,0.0,0.0002871510851025495,0.0005738830659538507,263.4453150161643
vowel_y.wav,62,y,,0.0,0.0002506127478277134,0.00046870988444425166,263.4453150161643
vowel_y.wav,63,y,,0.0,0.00016191184454511525,0.00039339830982498825,263.4453150161643
vowel_y.wav,64,y,,0.0,7.211779147003568e-05,0.00024067350022960454,263.4453150161643
vowel_y.wav,65,y,,0.0,5.25090902608563e-05,0.00012665886606555432,263.4453150161643
vowel_y.wav,66,y,,0.0,7.357611149085801e-05,0.0001615052024135366,263.4453150161643
vowel_y.wav,67,y,,0.0,4.583137614980756e-05,0.00010241613927064463,263.4453150161643
vowel_y.wav,68,y,,0.0,3.606593666342344e-05,7.631094194948673e-05,263.4453150161643
vowel_y.wav,69,y,,0.0,2.350918486542922e-05,5.208761285757646e-05,263.4453150161643
vowel_y.wav,70,y,,0.0,1.5107540014691041e-05,3.137884777970612e-05,263.4453150161643
vowel_y.wav,71,y,,0.0,9.895215831817416e-06,2.3697884898865595e-05,263.4453150161643
vowel_y.wav,72,y,,0.0,5.843678051577652e-06,1.2242866432643496e-05,263.4453150161643
vowel_y.wav,73,y,,0.0,3.8041206699822224e-06,7.480852673324989e-06,263.4453150161643
vowel_y.wav,74,y,,0.0,2.3648984249347125e-06,5.549465186049929e-06,263.4453150161643
vowel_y.wav,75,y,,0.0,2.540968120604819e-06,6.034908892615931e-06,263.4453150161643
vowel_y.wav,76,y,,0.0,1.992695035336739e-06,5.106381195219001e-06,263.4453150161643
vowel_y.wav,77,y,,0.0,1.5246771069300656e-06,3.5097973523079418e-06,263.4453150161643
vowel_y.wav,78,y,,0.0,1.2424339437737097e-06,2.493215106369462e-06,263.4453150161643
vowel_y.wav,79,y,,0.0,1.0828534369043043e-06,2.2393089693650836e-06,263.4453150161643
vowel_y.wav,80,y,,0.0,9.197965158969606e-07,1.9264716684119776e-06,263.4453150161643
syllable_ma.wav,0,a,m,0.0,0.0,0.0,237.9530278068581
syllable_ma.wav,1,a,m,0.0,0.0,0.0,248.73125743859129
syllable_ma.wav,2,a,m,0.0,0.0,0.0,255.03221969260397
syllable_ma.wav,3,a,m,0.0,0.0,0.0,258.66075183358527
syllable_ma.wav,4,a,m,0.0,0.0,0.0,260.73261176371955
syllable_ma.wav,5,a,m,0.0,0.0,0.0,261.90995221067914
syllable_ma.wav,6,a,m,0.0,0.0,0.0,262.577164963584
syllable_ma.wav,7,a,m,0.0,0.0,0.0,262.9547027751099
syllable_ma.wav,8,a,m,0.0,0.0,0.0,263.16814499806884
syllable_ma.wav,9,a,m,0.0,0.0,0.0,263.2887562254938
syllable_ma.wav,10,a,m,1.0,0.015621799102397728,0.06729084253311157,263.35689199164534
syllable_ma.wav,11,a,m,1.0,0.03219229363169015,0.11376480013132095,263.3953772835848
syllable_ma.wav,12,a,m,1.0,0.041523058032776644,0.1357719451189041,263.4171131100713
syllable_ma.wav,13,a,m,1.0,0.04498518939893555,0.12878790497779846,263.429388517644
syllable_ma.wav,14,a,m,1.0,0.044465775473477076,0.11548259854316711,263.4363209154888
syllable_ma.wav,15,a,m,1.0,0.1294909972082644,0.3823254108428955,263.4402358467815
syllable_ma.wav,16,a,m,1.0,0.15524623927196135,0.3896017074584961,263.44244670513336
syllable_ma.wav,17,a,m,1.0,0.15371362151720946,0.3713666796684265,263.4436952251073
syllable_ma.wav,18,a,m,1.0,0.17254332136440392,0.40169405937194824,263.4444002895765
syllable_ma.wav,19,a,m,1.0,0.175143637411078,0.40858426690101624,263.4447984530931
syllable_ma.wav,20,a,m,1.0,0.1587765939287116,0.42202290892601013,263.44502330351236
syllable_ma.wav,21,a,m,1.0,0.14075707571178533,0.41525113582611084,263.4451502807036
syllable_ma.wav,22,a,m,1.0,0.14907170129008088,0.4127348065376282,263.44522198705164
syllable_ma.wav,23,a,m,1.0,0.10299743815776406,0.32575559616088867,263.4452624809345
syllable_ma.wav,24,a,m,1.0,0.09558964104951598,0.290862113237381,263.4452853485667
syllable_ma.wav,25,a,m,1.0,0.07089810058680902,0.22400107979774475,263.4452982623339
syllable_ma.wav,26,a,m,1.0,0.0632927578031437,0.2083493024110794,263.44530555497255
syllable_ma.wav,27,a,m,1.0,0.05786531201454428,0.18787164986133575,263.44530967325784
syllable_ma.wav,28,a,m,1.0,0.05045331580127643,0.14483875036239624,263.44531199892816
syllable_ma.wav,29,a,m,1.0,0.10966255702274602,0.3980586528778076,263.44531331227637
syllable_ma.wav,30,a,m,1.0,0.15313631627582536,0.4010593295097351,263.4453140539479
syllable_ma.wav,31,a,m,1.0,0.15686450994540105,0.399324893951416,263.44531447278325
syllable_ma.wav,32,a,m,1.0,0.16154907041262628,0.3719768226146698,263.4453147093072
syllable_ma.wav,33,a,m,1.0,0.18446850645095192,0.41220197081565857,263.4453148428765
syllable_ma.wav,34,a,m,1.0,0.16361449403020523,0.4190079867839813,263.44531491830554
syllable_ma.wav,35,a,m,1.0,0.15363705927596122,0.41417211294174194,263.4453149609017
syllable_ma.wav,36,a,m,1.0,0.14649400609260513,0.4163699448108673,263.44531498495655
syllable_ma.wav,37,a,m,1.0,0.12038563525165186,0.3548216223716736,263.4453149985407
syllable_ma.wav,38,a,m,1.0,0.09784140803436463,0.29451292753219604,263.4453150062119
syllable_ma.wav,39,a,m,1.0,0.07614061125365189,0.23389923572540283,263.445315010544
syllable_ma.wav,40,a,m,1.0,0.06482294849291596,0.20698103308677673,263.4453150129904
syllable_ma.wav,41,a,m,1.0,0.05846132465093419,0.19183214008808136,263.445315014372
syllable_ma.wav,42,a,m,1.0,0.05415510656699715,0.1572190672159195,263.4453150151521
syllable_ma.wav,43,a,m,1.0,0.07485205442755206,0.30863070487976074,263.4453150155927
syllable_ma.wav,44,a,m,1.0,0.15648361932347138,0.39984777569770813,263.4453150158415
syllable_ma.wav,45,a,m,0.0,0.1361350115635313,0.37721937894821167,263.44531501598203
syllable_ma.wav,46,a,m,0.0,0.1006552444950531,0.251287579536438,263.4453150160614
syllable_ma.wav,47,a,m,0.0,0.08775014300839641,0.2095172107219696,263.4453150161062
syllable_ma.wav,48,a,m,0.0,0.06037276427297597,0.16593672335147858,263.4453150161315
syllable_ma.wav,49,a,m,0.0,0.039136332175333716,0.1256018579006195,263.4453150161458
syllable_ma.wav,50,a,m,0.0,0.02962424061138001,0.09128709137439728,263.4453150161538
syllable_ma.wav,51,a,m,0.0,0.018599996471510647,0.06213941425085068,263.44531501615836
syllable_ma.wav,52,a,m,0.0,0.010027148806840818,0.0349305160343647,263.445315016161
syllable_ma.wav,53,a,m,0.0,0.006310274577868157,0.020675938576459885,263.44531501616245
syllable_ma.wav,54,a,m,0.0,0.0038077542507142753,0.013168731704354286,263.44531501616325
syllable_ma.wav,55,a,m,0.0,0.00251391250427633,0.00912824273109436,263.4453150161637
syllable_ma.wav,56,a,m,0.0,0.001670976320641666,0.005723177921026945,263.445315016164
syllable_ma.wav,57,a,m,0.0,0.001077812693106044,0.0030793999321758747,263.4453150161641
syllable_ma.wav,58,a,m,0.0,0.00220402015286999,0.006556179374456406,263.4453150161642
syllable_ma.wav,59,a,m,0.0,0.001939430033464339,0.005548412911593914,263.4453150161642
syllable_ma.wav,60,a,m,0.0,0.0013835892210329363,0.003893837332725525,263.4453150161643
syllable_ma.wav,61,a,m,0.0,0.0011234931026695707,0.0025879309978336096,263.4453150161643
syllable_ma.wav,62,a,m,0.0,0.0008569331100784466,0.002314081182703376,263.4453150161643
syllable_ma.wav,63,a,m,0.0,0.0005675226330549354,0.0016764241736382246,263.4453150161643
syllable_ma.wav,64,a,m,0.0,0.0003745487936338384,0.0012373115168884397,263.4453150161643
syllable_ma.wav,65,a,m,0.0,0.00028583206894622126,0.0009497879073023796,263.4453150161643
syllable_ma.wav,66,a,m,0.0,0.00014350800627626044,0.0005010626628063619,263.4453150161643
syllable_ma.wav,67,a,m,0.0,9.900073823331741e-05,0.00034361929283477366,263.4453150161643
syllable_ma.wav,68,a,m,0.0,5.288162246466835e-05,0.00018184335203841329,263.4453150161643
syllable_ma.wav,69,a,m,0.0,3.4628176992970316e-05,0.00012641886132769287,263.4453150161643
syllable_ma.wav,70,a,m,0.0,2.353799308640395e-05,8.62837623571977e-05,263.4453150161643
syllable_ma.wav,71,a,m,0.0,1.4821221934505727e-05,4.496076871873811e-05,263.4453150161643
syllable_ma.wav,72,a,m,0.0,2.3469281564683737e-05,7.916649337857962e-05,263.4453150161643
syllable_ma.wav,73,a,m,0.0,2.4754660862428058e-05,7.377077417913824e-05,263.4453150161643
syllable_ma.wav,74,a,m,0.0,1.8763934552152614e-05,5.645021883537993e-05,263.4453150161643
syllable_ma.wav,75,a,m,0.0,1.4295207764356168e-05,3.5483961255522445e-05,263.4453150161643
syllable_ma.wav,76,a,m,0.0,1.2295871677989743e-05,3.118242238997482e-05,263.4453150161643
syllable_ma.wav,77,a,m,0.0,7.928764691155606e-06,2.2191657990333624e-05,263.4453150161643
syllable_ma.wav,78,a,m,0.0,5.470774525619297e-06,1.7302005289820954e-05,263.4453150161643
syllable_ma.wav,79,a,m,0.0,3.813440075728494e-06,1.2472725757106673e-05,263.4453150161643
syllable_ma.wav,80,a,m,0.0,2.3178802653102603e-06,7.737631676718593e-06,263.4453150161643
syllable_ma.wav,81,a,m,0.0,1.3456346076020782e-06,4.630388957593823e-06,263.4453150161643
syllable_ma.wav,82,a,m,0.0,7.527993797434667e-07,2.587229801065405e-06,263.4453150161643
syllable_ma.wav,83,a,m,0.0,4.791443798308145e-07,1.6721597830837709e-06,263.4453150161643
syllable_ma.wav,84,a,m,0.0,3.3127120408250075e-07,1.173151531475014e-06,263.4453150161643
syllable_shi.wav,0,i,sh,0.0,0.0,0.0,237.9530278068581
syllable_shi.wav,1,i,sh,0.0,0.0,0.0,248.73125743859129
syllable_shi.wav,2,i,sh,0.0,0.0,0.0,255.03221969260397
syllable_shi.wav,3,i,sh,0.0,0.0,0.0,258.66075183358527
syllable_shi.wav,4,i,sh,0.0,0.0,0.0,260.73261176371955
syllable_shi.wav,5,i,sh,0.0,0.0,0.0,261.90995221067914
syllable_shi.wav,6,i,sh,0.0,0.0,0.0,262.577164963584
syllable_shi.wav,7,i,sh,0.0,0.0,0.0,262.9547027751099
syllable_shi.wav,8,i,sh,0.0,0.0,0.0,263.16814499806884
syllable_shi.wav,9,i,sh,0.0,0.0,0.0,263.2887562254938
syllable_shi.wav,10,i,sh,1.0,0.027044447402072964,0.08585481345653534,263.35689199164534
syllable_shi.wav,11,i,sh,1.0,0.03816929777908636,0.08313456922769547,263.3953772835848
syllable_shi.wav,12,i,sh,1.0,0.04413265156904813,0.11025118827819824,263.4171131100713
syllable_shi.wav,13,i,sh,1.0,0.04374442132955727,0.1131499856710434,263.429388517644
syllable_shi.wav,14,i,sh,1.0,0.06341733606853833,0.13359634578227997,263.4363209154888
syllable_shi.wav,15,i,sh,1.0,0.08714730158426988,0.18070293962955475,263.4402358467815
syllable_shi.wav,16,i,sh,1.0,0.10058209343228551,0.21367597579956055,263.44244670513336
syllable_shi.wav,17,i,sh,1.0,0.0987612092369951,0.21619102358818054,263.4436952251073
syllable_shi.wav,18,i,sh,1.0,0.10618424508801667,0.2270602583885193,263.4444002895765
syllable_shi.wav,19,i,sh,1.0,0.11002131819489488,0.24222122132778168,263.4447984530931
syllable_shi.wav,20,i,sh,1.0,0.1199328683406019,0.24946685135364532,263.44502330351236
syllable_shi.wav,21,i,sh,1.0,0.11619085894878652,0.2301008105278015,263.4451502807036
syllable_shi.wav,22,i,sh,1.0,0.1167444952473138,0.24215847253799438,263.44522198705164
syllable_shi.wav,23,i,sh,1.0,0.11668825547190237,0.23341742157936096,263.4452624809345
syllable_shi.wav,24,i,sh,1.0,0.12118079208376902,0.23743166029453278,263.4452853485667
syllable_shi.wav,25,i,sh,1.0,0.12650662933598478,0.254046231508255,263.4452982623339
syllable_shi.wav,26,i,sh,1.0,0.09290521672515886,0.2180585265159607,263.44530555497255
syllable_shi.wav,27,i,sh,1.0,0.10413284820669796,0.21743585169315338,263.44530967325784
syllable_shi.wav,28,i,sh,1.0,0.10347177589738017,0.19507639110088348,263.44531199892816
syllable_shi.wav,29,i,sh,1.0,0.10576638387705709,0.21205367147922516,263.44531331227637
syllable_shi.wav,30,i,sh,1.0,0.11017989024578535,0.22150343656539917,263.4453140539479
syllable_shi.wav,31,i,sh,1.0,0.11120942287699627,0.22517280280590057,263.44531447278325
syllable_shi.wav,32,i,sh,1.0,0.12605167167893278,0.2600415050983429,263.4453147093072
syllable_shi.wav,33,i,sh,1.0,0.17622381130745335,0.37769123911857605,263.4453148428765
syllable_shi.wav,34,i,sh,1.0,0.21080177085944968,0.4100326895713806,263.44531491830554
syllable_shi.wav,35,i,sh,1.0,0.22735087933191306,0.4156951904296875,263.4453149609017
syllable_shi.wav,36,i,sh,1.0,0.19147526056124953,0.3740064203739166,263.44531498495655
syllable_shi.wav,37,i,sh,1.0,0.12869319166119536,0.2515900433063507,263.4453149985407
syllable_shi.wav,38,i,sh,1.0,0.11050211182960112,0.20393989980220795,263.4453150062119
syllable_shi.wav,39,i,sh,1.0,0.08885090236808972,0.16934558749198914,263.445315010544
syllable_shi.wav,40,i,sh,1.0,0.08396330289283897,0.16893553733825684,263.4453150129904
syllable_shi.wav,41,i,sh,1.0,0.10151814576380613,0.2018858790397644,263.445315014372
syllable_shi.wav,42,i,sh,1.0,0.10586555601373214,0.2223549634218216,263.4453150151521
syllable_shi.wav,43,i,sh,1.0,0.10141303062199182,0.21988140046596527,263.4453150155927
syllable_shi.wav,44,i,sh,1.0,0.10975514604891817,0.24594445526599884,263.4453150158415
syllable_shi.wav,45,i,sh,0.0,0.0990383790075275,0.23196326196193695,263.44531501598203
syllable_shi.wav,46,i,sh,0.0,0.07745066408927344,0.17989300191402435,263.4453150160614
syllable_shi.wav,47,i,sh,0.0,0.05492721420941529,0.12237709015607834,263.4453150161062
syllable_shi.wav,48,i,sh,0.0,0.041226765941045566,0.09625943005084991,263.4453150161315
syllable_shi.wav,49,i,sh,0.0,0.030390941986600986,0.06464847922325134,263.4453150161458
syllable_shi.wav,50,i,sh,0.0,0.02323594946601735,0.047369226813316345,263.4453150161538
syllable_shi.wav,51,i,sh,0.0,0.01662627378320073,0.038225289434194565,263.44531501615836
syllable_shi.wav,52,i,sh,0.0,0.009587797438274086,0.02123170904815197,263.445315016161
syllable_shi.wav,53,i,sh,0.0,0.007766642960314802,0.0185325276106596,263.44531501616245
syllable_shi.wav,54,i,sh,0.0,0.005643816616503732,0.011328035965561867,263.44531501616325
syllable_shi.wav,55,i,sh,0.0,0.004404582941318387,0.009757963009178638,263.4453150161637
syllable_shi.wav,56,i,sh,0.0,0.0032423854858405275,0.006634043995290995,263.445315016164
syllable_shi.wav,57,i,sh,0.0,0.0024991825297152404,0.005337290931493044,263.4453150161641
syllable_shi.wav,58,i,sh,0.0,0.0022014596222864505,0.004477095790207386,263.4453150161642
syllable_shi.wav,59,i,sh,0.0,0.00222334860433146,0.004396049305796623,263.4453150161642
syllable_shi.wav,60,i,sh,0.0,0.0019223572050755902,0.004139224998652935,263.4453150161643
syllable_shi.wav,61,i,sh,0.0,0.001473672510510166,0.0030101973097771406,263.4453150161643
syllable_shi.wav,62,i,sh,0.0,0.0008476849024582298,0.0019076155731454492,263.4453150161643
syllable_shi.wav,63,i,sh,0.0,0.00042139749956419736,0.0008545813616365194,263.4453150161643
syllable_shi.wav,64,i,sh,0.0,0.0002555969932029483,0.0005002355319447815,263.4453150161643
syllable_shi.wav,65,i,sh,0.0,0.00016159880711568347,0.00033551984233781695,263.4453150161643
syllable_shi.wav,66,i,sh,0.0,0.0001225805226611482,0.00026390384300611913,263.4453150161643
syllable_shi.wav,67,i,sh,0.0,0.00010613260526236599,0.0002172158274333924,263.4453150161643
syllable_shi.wav,68,i,sh,0.0,7.573750834585559e-05,0.0001790555688785389,263.4453150161643
syllable_shi.wav,69,i,sh,0.0,5.6125529441524505e-05,0.00013760197907686234,263.4453150161643
syllable_shi.wav,70,i,sh,0.0,4.546083435967538e-05,0.00010045094677479938,263.4453150161643
syllable_shi.wav,71,i,sh,0.0,3.415485228034567e-05,7.509870192734525e-05,263.4453150161643
syllable_shi.wav,72,i,sh,0.0,2.60341179432455e-05,5.8360285038361326e-05,263.4453150161643
syllable_shi.wav,73,i,sh,0.0,1.8181479865436565e-05,4.081738370587118e-05,263.4453150161643
syllable_shi.wav,74,i,sh,0.0,1.3844695907864234e-05,3.0562852771254256e-05,263.4453150161643
syllable_shi.wav,75,i,sh,0.0,1.0226347594678467e-05,2.258879248984158e-05,263.4453150161643
syllable_shi.wav,76,i,sh,0.0,7.90276225926624e-06,1.6056743334047496e-05,263.4453150161643
syllable_shi.wav,77,i,sh,0.0,5.015199059701063e-06,1.3272356227389537e-05,263.4453150161643
syllable_shi.wav,78,i,sh,0.0,3.505580848215131e-06,7.752072633593343e-06,263.4453150161643
syllable_shi.wav,79,i,sh,0.0,2.6004791431588976e-06,5.610851076198742e-06,263.4453150161643
syllable_shi.wav,80,i,sh,0.0,1.9196576976432468e-06,3.996323812316405e-06,263.4453150161643
syllable_shi.wav,81,i,sh,0.0,1.4704394683147693e-06,2.977048552565975e-06,263.4453150161643
syllable_shi.wav,82,i,sh,0.0,1.0973097696594849e-06,2.395536284893751e-06,263.4453150161643
syllable_shi.wav,83,i,sh,0.0,8.68088679128416e-07,1.7280318616030854e-06,263.4453150161643
syllable_shi.wav,84,i,sh,0.0,7.964687253957491e-07,1.604472117833211e-06,263.4453150161643
syllable_ku.wav,0,u,k,0.0,0.0,0.0,237.9530278068581
syllable_ku.wav,1,u,k,0.0,0.0,0.0,248.73125743859129
syllable_ku.wav,2,u,k,0.0,0.0,0.0,255.03221969260397
syllable_ku.wav,3,u,k,0.0,0.0,0.0,258.66075183358527
syllable_ku.wav,4,u,k,0.0,0.0,0.0,260.73261176371955
syllable_ku.wav,5,u,k,0.0,0.0,0.0,261.90995221067914
syllable_ku.wav,6,u,k,0.0,0.0,0.0,262.577164963584
syllable_ku.wav,7,u,k,0.0,0.0,0.0,262.9547027751099
syllable_ku.wav,8,u,k,0.0,0.0,0.0,263.16814499806884
syllable_ku.wav,9,u,k,0.0,0.0,0.0,263.2887562254938
syllable_ku.wav,10,u,k,1.0,0.03030043565971527,0.16259415447711945,263.35689199164534
syllable_ku.wav,11,u,k,1.0,0.03262309651874128,0.10553044080734253,263.3953772835848
syllable_ku.wav,12,u,k,1.0,0.03592365404410094,0.11064735054969788,263.4171131100713
syllable_ku.wav,13,u,k,1.0,0.04092885698153521,0.105004221200943,263.429388517644
syllable_ku.wav,14,u,k,1.0,0.06959286366776418,0.2122913897037506,263.4363209154888
syllable_ku.wav,15,u,k,1.0,0.08551164953988338,0.25021761655807495,263.4402358467815
syllable_ku.wav,16,u,k,1.0,0.08786091914457454,0.28676119446754456,263.44244670513336
syllable_ku.wav,17,u,k,1.0,0.10047117042965695,0.3386625647544861,263.4436952251073
syllable_ku.wav,18,u,k,1.0,0.09955811902772917,0.33833521604537964,263.4444002895765
syllable_ku.wav,19,u,k,1.0,0.09021842500988644,0.3060778081417084,263.4447984530931
syllable_ku.wav,20,u,k,1.0,0.071451282406388,0.24673721194267273,263.44502330351236
syllable_ku.wav,21,u,k,1.0,0.06630927299374431,0.2185383141040802,263.4451502807036
syllable_ku.wav,22,u,k,1.0,0.06615020245362029,0.203696608543396,263.44522198705164
syllable_ku.wav,23,u,k,1.0,0.0790449588199159,0.2173038125038147,263.4452624809345
syllable_ku.wav,24,u,k,1.0,0.07362764016186414,0.21321089565753937,263.4452853485667
syllable_ku.wav,25,u,k,1.0,0.06306545520433515,0.17795148491859436,263.4452982623339
syllable_ku.wav,26,u,k,1.0,0.10070472559475876,0.41604554653167725,263.44530555497255
syllable_ku.wav,27,u,k,1.0,0.1659589295187394,0.47982776165008545,263.44530967325784
syllable_ku.wav,28,u,k,1.0,0.19662449110482083,0.5224178433418274,263.44531199892816
syllable_ku.wav,29,u,k,1.0,0.16624615108271582,0.49426087737083435,263.44531331227637
syllable_ku.wav,30,u,k,1.0,0.16954685559760088,0.43726667761802673,263.4453140539479
syllable_ku.wav,31,u,k,1.0,0.17942265497113954,0.4567606449127197,263.44531447278325
syllable_ku.wav,32,u,k,1.0,0.18878910741534208,0.4569510519504547,263.4453147093072
syllable_ku.wav,33,u,k,1.0,0.1859617048558181,0.41027364134788513,263.4453148428765
syllable_ku.wav,34,u,k,1.0,0.16136157399561268,0.3947872221469879,263.44531491830554
syllable_ku.wav,35,u,k,1.0,0.14239888552114366,0.34985101222991943,263.4453149609017
syllable_ku.wav,36,u,k,1.0,0.1285658503805211,0.36936360597610474,263.44531498495655
syllable_ku.wav,37,u,k,1.0,0.11654769950293604,0.32830893993377686,263.4453149985407
syllable_ku.wav,38,u,k,1.0,0.09097607531189417,0.2945881485939026,263.4453150062119
syllable_ku.wav,39,u,k,1.0,0.09627893917772608,0.24339160323143005,263.445315010544
syllable_ku.wav,40,u,k,1.0,0.09752902491633925,0.28449323773384094,263.4453150129904
syllable_ku.wav,41,u,k,1.0,0.08783525701908416,0.2602425515651703,263.445315014372
syllable_ku.wav,42,u,k,1.0,0.09632041762193885,0.3157435655593872,263.4453150151521
syllable_ku.wav,43,u,k,1.0,0.10435748503953216,0.3476797342300415,263.4453150155927
syllable_ku.wav,44,u,k,1.0,0.09838289033396329,0.34030064940452576,263.4453150158415
syllable_ku.wav,45,u,k,0.0,0.07416150945351443,0.284978449344635,263.44531501598203
syllable_ku.wav,46,u,k,0.0,0.04588104831200659,0.16225264966487885,263.4453150160614
syllable_ku.wav,47,u,k,0.0,0.03162767349430931,0.11594786494970322,263.4453150161062
syllable_ku.wav,48,u,k,0.0,0.023980904210066576,0.07574236392974854,263.4453150161315
syllable_ku.wav,49,u,k,0.0,0.020003495031606,0.06286339461803436,263.4453150161458
syllable_ku.wav,50,u,k,0.0,0.013831367627391908,0.0412757433950901,263.4453150161538
syllable_ku.wav,51,u,k,0.0,0.007987316851756323,0.022796349599957466,263.44531501615836
syllable_ku.wav,52,u,k,0.0,0.01251895160973494,0.044396087527275085,263.445315016161
syllable_ku.wav,53,u,k,0.0,0.014118108278417868,0.04034542664885521,263.44531501616245
syllable_ku.wav,54,u,k,0.0,0.010857527252723617,0.035294223576784134,263.44531501616325
syllable_ku.wav,55,u,k,0.0,0.007237638785634104,0.024339040741324425,263.4453150161637
syllable_ku.wav,56,u,k,0.0,0.005341805619325907,0.015382084995508194,263.445315016164
syllable_ku.wav,57,u,k,0.0,0.0040866603719454065,0.01195882260799408,263.4453150161641
syllable_ku.wav,58,u,k,0.0,0.0031045301783585986,0.008007344789803028,263.4453150161642
syllable_ku.wav,59,u,k,0.0,0.0021061601124486803,0.005509437061846256,263.4453150161642
syllable_ku.wav,60,u,k,0.0,0.0013979263454396494,0.00404384033754468,263.4453150161643
syllable_ku.wav,61,u,k,0.0,0.0009256790622847089,0.0025036619044840336,263.4453150161643
syllable_ku.wav,62,u,k,0.0,0.0006040920708177404,0.0019027539528906345,263.4453150161643
syllable_ku.wav,63,u,k,0.0,0.00037053726624206647,0.0012623758520931005,263.4453150161643
syllable_ku.wav,64,u,k,0.0,0.00024087107765443484,0.0008322445792146027,263.4453150161643
syllable_ku.wav,65,u,k,0.0,0.00017379564288088421,0.0004829414829146117,263.4453150161643
syllable_ku.wav,66,u,k,0.0,0.00013488173229403202,0.00044094654731452465,263.4453150161643
syllable_ku.wav,67,u,k,0.0,9.047726555749695e-05,0.0002864273847080767,263.4453150161643
syllable_ku.wav,68,u,k,0.0,7.296241814446558e-05,0.00025421049213036895,263.4453150161643
syllable_ku.wav,69,u,k,0.0,5.8775790142529346e-05,0.0002170900406781584,263.4453150161643
syllable_ku.wav,70,u,k,0.0,3.84317771871867e-05,0.00014934464707039297,263.4453150161643
syllable_ku.wav,71,u,k,0.0,2.3915763488082625e-05,9.410971688339487e-05,263.4453150161643
syllable_ku.wav,72,u,k,0.0,1.5143919981376648e-05,5.1131391956005245e-05,263.4453150161643
syllable_ku.wav,73,u,k,0.0,1.0277832766762594e-05,3.299385934951715e-05,263.4453150161643
syllable_ku.wav,74,u,k,0.0,8.583548230781475e-06,2.6786547095980495e-05,263.4453150161643
syllable_ku.wav,75,u,k,0.0,6.4712710419517115e-06,1.9481039998936467e-05,263.4453150161643
syllable_ku.wav,76,u,k,0.0,4.2030261763078155e-06,1.351095488644205e-05,263.4453150161643
syllable_ku.wav,77,u,k,0.0,2.8624385828711453e-06,8.289691322715953e-06,263.4453150161643
syllable_ku.wav,78,u,k,0.0,5.363144880568629e-06,1.6103434973047115e-05,263.4453150161643
syllable_ku.wav,79,u,k,0.0,4.782143079996443e-06,1.3872862837160937e-05,263.4453150161643
syllable_ku.wav,80,u,k,0.0,3.4382552678103046e-06,1.1371263099135831e-05,263.4453150161643
syllable_ku.wav,81,u,k,0.0,2.438585410596541e-06,7.813679985702038e-06,263.4453150161643
syllable_ku.wav,82,u,k,0.0,1.8380731811193688e-06,5.304278602125123e-06,263.4453150161643
syllable_ku.wav,83,u,k,0.0,1.3907957618945922e-06,3.995609404228162e-06,263.4453150161643
syllable_ku.wav,84,u,k,0.0,1.0388464044369725e-06,2.868659294108511e-06,263.4453150161643
syllable_se.wav,0,e,s,0.0,0.0,0.0,237.9530278068581
syllable_se.wav,1,e,s,0.0,0.0,0.0,248.73125743859129
syllable_se.wav,2,e,s,0.0,0.0,0.0,255.03221969260397
syllable_se.wav,3,e,s,0.0,0.0,0.0,258.66075183358527
syllable_se.wav,4,e,s,0.0,0.0,0.0,260.73261176371955
syllable_se.wav,5,e,s,0.0,0.0,0.0,261.90995221067914
syllable_se.wav,6,e,s,0.0,0.0,0.0,262.577164963584
syllable_se.wav,7,e,s,0.0,0.0,0.0,262.9547027751099
syllable_se.wav,8,e,s,0.0,0.0,0.0,263.16814499806884
syllable_se.wav,9,e,s,0.0,0.0,0.0,263.2887562254938
syllable_se.wav,10,e,s,1.0,0.010309023798891412,0.049824059009552,263.35689199164534
syllable_se.wav,11,e,s,1.0,0.020932931676799476,0.0749775692820549,263.3953772835848
syllable_se.wav,12,e,s,1.0,0.028489804134329343,0.08757694810628891,263.4171131100713
syllable_se.wav,13,e,s,1.0,0.035935103702797455,0.11424766480922699,263.429388517644
syllable_se.wav,14,e,s,1.0,0.05769717031325478,0.17033548653125763,263.4363209154888
syllable_se.wav,15,e,s,1.0,0.09182390392409666,0.2751292288303375,263.4402358467815
syllable_se.wav,16,e,s,1.0,0.11390837141662515,0.3664340078830719,263.44244670513336
syllable_se.wav,17,e,s,1.0,0.14081326455513363,0.43452170491218567,263.4436952251073
syllable_se.wav,18,e,s,1.0,0.15188006487821748,0.4877770245075226,263.4444002895765
syllable_se.wav,19,e,s,1.0,0.15551823798999984,0.47122687101364136,263.4447984530931
syllable_se.wav,20,e,s,1.0,0.15270268855188152,0.46515271067619324,263.44502330351236
syllable_se.wav,21,e,s,1.0,0.1652862317862814,0.4850344955921173,263.4451502807036
syllable_se.wav,22,e,s,1.0,0.17124711505730758,0.5163390040397644,263.44522198705164
syllable_se.wav,23,e,s,1.0,0.14896965309584362,0.4822097718715668,263.4452624809345
syllable_se.wav,24,e,s,1.0,0.12048750724775283,0.4351789057254791,263.4452853485667
syllable_se.wav,25,e,s,1.0,0.10241546409984895,0.3554888963699341,263.4452982623339
syllable_se.wav,26,e,s,1.0,0.07847882832798513,0.2682695984840393,263.44530555497255
syllable_se.wav,27,e,s,1.0,0.06919635541202468,0.210332453250885,263.44530967325784
syllable_se.wav,28,e,s,1.0,0.07127258388013015,0.204147607088089,263.44531199892816
syllable_se.wav,29,e,s,1.0,0.07395820916615344,0.20605237782001495,263.44531331227637
syllable_se.wav,30,e,s,1.0,0.07205578061231253,0.21653114259243011,263.4453140539479
syllable_se.wav,31,e,s,1.0,0.10330537187539077,0.3024013042449951,263.44531447278325
syllable_se.wav,32,e,s,1.0,0.12461133475574944,0.37611687183380127,263.4453147093072
syllable_se.wav,33,e,s,1.0,0.13883099865948656,0.4480500817298889,263.4453148428765
syllable_se.wav,34,e,s,1.0,0.158422788037946,0.4956546127796173,263.44531491830554
syllable_se.wav,35,e,s,1.0,0.1519737754375344,0.4756389856338501,263.4453149609017
syllable_se.wav,36,e,s,1.0,0.1552406450507287,0.4653926491737366,263.44531498495655
syllable_se.wav,37,e,s,1.0,0.17654896619881325,0.514989972114563,263.4453149985407
syllable_se.wav,38,e,s,1.0,0.16338035081372682,0.5130806565284729,263.4453150062119
syllable_se.wav,39,e,s,1.0,0.145704935973431,0.4828384816646576,263.445315010544
syllable_se.wav,40,e,s,1.0,0.12385507488749585,0.4365515410900116,263.4453150129904
syllable_se.wav,41,e,s,1.0,0.09823151178834331,0.34780922532081604,263.445315014372
syllable_se.wav,42,e,s,1.0,0.07250908174796969,0.2521984279155731,263.4453150151521
syllable_se.wav,43,e,s,1.0,0.06959037665590093,0.21280516684055328,263.4453150155927
syllable_se.wav,44,e,s,1.0,0.07159521472400593,0.20619119703769684,263.4453150158415
syllable_se.wav,45,e,s,0.0,0.06402839125274766,0.198511004447937,263.44531501598203
syllable_se.wav,46,e,s,0.0,0.04650856816582754,0.12383994460105896,263.4453150160614
syllable_se.wav,47,e,s,0.0,0.04858778886942059,0.14317862689495087,263.4453150161062
syllable_se.wav,48,e,s,0.0,0.045019884639918635,0.1313904970884323,263.4453150161315
syllable_se.wav,49,e,s,0.0,0.03832851321098784,0.12905429303646088,263.4453150161458
syllable_se.wav,50,e,s,0.0,0.02913965340951844,0.10619615018367767,263.4453150161538
syllable_se.wav,51,e,s,0.0,0.021829244569067596,0.08039823919534683,263.44531501615836
syllable_se.wav,52,e,s,0.0,0.017653660415789307,0.05726850405335426,263.445315016161
syllable_se.wav,53,e,s,0.0,0.012947626347185156,0.04255344718694687,263.44531501616245
syllable_se.wav,54,e,s,0.0,0.009295880464867068,0.03522913530468941,263.44531501616325
syllable_se.wav,55,e,s,0.0,0.006086995371558327,0.023948438465595245,263.4453150161637
syllable_se.wav,56,e,s,0.0,0.0037884619640092543,0.015498626045882702,263.445315016164
syllable_se.wav,57,e,s,0.0,0.002173307195670913,0.00876563135534525,263.4453150161641
syllable_se.wav,58,e,s,0.0,0.0011955104172480917,0.004515865817666054,263.4453150161642
syllable_se.wav,59,e,s,0.0,0.0007839907004268667,0.002625557826831937,263.4453150161642
syllable_se.wav,60,e,s,0.0,0.0006303693601218589,0.0019361255690455437,263.4453150161643
syllable_se.wav,61,e,s,0.0,0.0004675396258113978,0.001492405659519136,263.4453150161643
syllable_se.wav,62,e,s,0.0,0.00033811746653454784,0.0009311250760219991,263.4453150161643
syllable_se.wav,63,e,s,0.0,0.0003872205989823321,0.0010745618492364883,263.4453150161643
syllable_se.wav,64,e,s,0.0,0.00030165491187512163,0.0009570404072292149,263.4453150161643
syllable_se.wav,65,e,s,0.0,0.00028758959955527125,0.0009559468016959727,263.4453150161643
syllable_se.wav,66,e,s,0.0,0.0002108014590757031,0.0007853491697460413,263.4453150161643
syllable_se.wav,67,e,s,0.0,0.00017019422467260548,0.0005953494692221284,263.4453150161643
syllable_se.wav,68,e,s,0.0,0.00011907163772332749,0.0003979649336542934,263.4453150161643
syllable_se.wav,69,e,s,0.0,9.49227028236277e-05,0.00031730716000311077,263.4453150161643
syllable_se.wav,70,e,s,0.0,6.811232787265943e-05,0.00025849667144939303,263.4453150161643
syllable_se.wav,71,e,s,0.0,4.473657710353557e-05,0.00017749906692188233,263.4453150161643
syllable_se.wav,72,e,s,0.0,2.7774045283623868e-05,0.00011477566295070574,263.4453150161643
syllable_se.wav,73,e,s,0.0,1.5938936664125512e-05,6.489774386864156e-05,263.4453150161643
syllable_se.wav,74,e,s,0.0,8.821286265213695e-06,3.329436731291935e-05,263.4453150161643
syllable_se.wav,75,e,s,0.0,5.757878265310945e-06,1.9402192265260965e-05,263.4453150161643
syllable_se.wav,76,e,s,0.0,4.4622628345611594e-06,1.2709727343462873e-05,263.4453150161643
syllable_se.wav,77,e,s,0.0,3.428157667726054e-06,1.0960380677715875e-05,263.4453150161643
syllable_se.wav,78,e,s,0.0,2.649709953837291e-06,7.327200819418067e-06,263.4453150161643
syllable_se.wav,79,e,s,0.0,2.723300717085842e-06,7.978137546160724e-06,263.4453150161643
syllable_se.wav,80,e,s,0.0,2.339428041162256e-06,7.096962690411601e-06,263.4453150161643
syllable_se.wav,81,e,s,0.0,1.994602429897087e-06,6.916115125932265e-06,263.4453150161643
syllable_se.wav,82,e,s,0.0,1.616746428387095e-06,5.797691756015411e-06,263.4453150161643
syllable_se.wav,83,e,s,0.0,1.1586330722942954e-06,4.093006282346323e-06,263.4453150161643
syllable_se.wav,84,e,s,0.0,8.727958828123458e-07,2.940307012977428e-06,263.4453150161643
syllable_no.wav,0,o,n,0.0,0.0,0.0,237.9530278068581
syllable_no.wav,1,o,n,0.0,0.0,0.0,248.73125743859129
syllable_no.wav,2,o,n,0.0,0.0,0.0,255.03221969260397
syllable_no.wav,3,o,n,0.0,0.0,0.0,258.66075183358527
syllable_no.wav,4,o,n,0.0,0.0,0.0,260.73261176371955
syllable_no.wav,5,o,n,0.0,0.0,0.0,261.90995221067914
syllable_no.wav,6,o,n,0.0,0.0,0.0,262.577164963584
syllable_no.wav,7,o,n,0.0,0.0,0.0,262.9547027751099
syllable_no.wav,8,o,n,0.0,0.0,0.0,263.16814499806884
syllable_no.wav,9,o,n,0.0,0.0,0.0,263.2887562254938
syllable_no.wav,10,o,n,1.0,0.01897907347355795,0.06304782629013062,263.35689199164534
syllable_no.wav,11,o,n,1.0,0.038944131298961945,0.0917147547006607,263.3953772835848
syllable_no.wav,12,o,n,1.0,0.04996671182165857,0.10596556961536407,263.4171131100713
syllable_no.wav,13,o,n,1.0,0.06989174244604156,0.2508270740509033,263.429388517644
syllable_no.wav,14,o,n,1.0,0.10624277693072916,0.2926291525363922,263.4363209154888
syllable_no.wav,15,o,n,1.0,0.1320900297311369,0.399726003408432,263.4402358467815
syllable_no.wav,16,o,n,1.0,0.17213663165996526,0.5116124749183655,263.44244670513336
syllable_no.wav,17,o,n,1.0,0.18597929530229212,0.5139835476875305,263.4436952251073
syllable_no.wav,18,o,n,1.0,0.14023129109937094,0.42274537682533264,263.4444002895765
syllable_no.wav,19,o,n,1.0,0.12713372617172067,0.3508199453353882,263.4447984530931
syllable_no.wav,20,o,n,1.0,0.11443169022673261,0.2803212106227875,263.44502330351236
syllable_no.wav,21,o,n,1.0,0.12736391943825628,0.3204028010368347,263.4451502807036
syllable_no.wav,22,o,n,1.0,0.11297769261859458,0.28420764207839966,263.44522198705164
syllable_no.wav,23,o,n,1.0,0.09322918851620261,0.23013542592525482,263.4452624809345
syllable_no.wav,24,o,n,1.0,0.07854831176248561,0.18027417361736298,263.4452853485667
syllable_no.wav,25,o,n,1.0,0.06523579798650872,0.20342379808425903,263.4452982623339
syllable_no.wav,26,o,n,1.0,0.11118516118403385,0.30047205090522766,263.44530555497255
syllable_no.wav,27,o,n,1.0,0.130680718391121,0.35831430554389954,263.44530967325784
syllable_no.wav,28,o,n,1.0,0.15419440541498766,0.461128294467926,263.44531199892816
syllable_no.wav,29,o,n,1.0,0.1990138486618085,0.5222994089126587,263.44531331227637
syllable_no.wav,30,o,n,1.0,0.1543940590277886,0.5114511847496033,263.4453140539479
syllable_no.wav,31,o,n,1.0,0.1382506009846824,0.3955687880516052,263.44531447278325
syllable_no.wav,32,o,n,1.0,0.11405460571204523,0.292567640542984,263.4453147093072
syllable_no.wav,33,o,n,1.0,0.12147332839963933,0.32174718379974365,263.4453148428765
syllable_no.wav,34,o,n,1.0,0.12515355623127974,0.30628153681755066,263.44531491830554
syllable_no.wav,35,o,n,1.0,0.10199865278426472,0.25728195905685425,263.4453149609017
syllable_no.wav,36,o,n,1.0,0.08329452308053843,0.19849969446659088,263.44531498495655
syllable_no.wav,37,o,n,1.0,0.07209714192529543,0.1607999950647354,263.4453149985407
syllable_no.wav,38,o,n,1.0,0.0908055469543372,0.29407018423080444,263.4453150062119
syllable_no.wav,39,o,n,1.0,0.12123146078667034,0.3382193148136139,263.445315010544
syllable_no.wav,40,o,n,1.0,0.14222765130997134,0.41733309626579285,263.4453150129904
syllable_no.wav,41,o,n,1.0,0.17295647860353267,0.5218979120254517,263.445315014372
syllable_no.wav,42,o,n,1.0,0.18958276923450015,0.5225100517272949,263.4453150151521
syllable_no.wav,43,o,n,1.0,0.14524189893193576,0.42645561695098877,263.4453150155927
syllable_no.wav,44,o,n,1.0,0.11913639789973222,0.3289959728717804,263.4453150158415
syllable_no.wav,45,o,n,0.0,0.10130343360282586,0.2692873477935791,263.44531501598203
syllable_no.wav,46,o,n,0.0,0.0838168021008136,0.21937939524650574,263.4453150160614
syllable_no.wav,47,o,n,0.0,0.05372495301565189,0.153595969080925,263.4453150161062
syllable_no.wav,48,o,n,0.0,0.03288720918081391,0.09126150608062744,263.4453150161315
syllable_no.wav,49,o,n,0.0,0.02015447487018018,0.05266769602894783,263.4453150161458
syllable_no.wav,50,o,n,0.0,0.011769182969179908,0.034618888050317764,263.4453150161538
syllable_no.wav,51,o,n,0.0,0.015746727510405973,0.044988200068473816,263.44531501615836
syllable_no.wav,52,o,n,0.0,0.013592753393043687,0.036752812564373016,263.445315016161
syllable_no.wav,53,o,n,0.0,0.011947518063377155,0.035808876156806946,263.44531501616245
syllable_no.wav,54,o,n,0.0,0.01172147409645533,0.03641238808631897,263.44531501616325
syllable_no.wav,55,o,n,0.0,0.006771237396993326,0.025537164881825447,263.4453150161637
syllable_no.wav,56,o,n,0.0,0.004103748270567217,0.014339147135615349,263.445315016164
syllable_no.wav,57,o,n,0.0,0.002563862228456438,0.007213297765702009,263.4453150161641
syllable_no.wav,58,o,n,0.0,0.001985234276724627,0.0050728581845760345,263.4453150161642
syllable_no.wav,59,o,n,0.0,0.0014752814096514212,0.004188810475170612,263.4453150161642
syllable_no.wav,60,o,n,0.0,0.00090358406618141,0.0025769155472517014,263.4453150161643
syllable_no.wav,61,o,n,0.0,0.0005318224230526634,0.0014603534946218133,263.4453150161643
syllable_no.wav,62,o,n,0.0,0.0003310179587177068,0.0008275955333374441,263.4453150161643
syllable_no.wav,63,o,n,0.0,0.0003089811924527857,0.0009693430620245636,263.4453150161643
syllable_no.wav,64,o,n,0.0,0.0003115610167437227,0.0008595557301305234,263.4453150161643
syllable_no.wav,65,o,n,0.0,0.00026696123460557853,0.0007662835996598005,263.4453150161643
syllable_no.wav,66,o,n,0.0,0.00026443305857403793,0.0007918281480669975,263.4453150161643
syllable_no.wav,67,o,n,0.0,0.00018841278078256845,0.0006494942936114967,263.4453150161643
syllable_no.wav,68,o,n,0.0,0.0001122797394939162,0.0003885085752699524,263.4453150161643
syllable_no.wav,69,o,n,0.0,6.695957641901714e-05,0.000205002972506918,263.4453150161643
syllable_no.wav,70,o,n,0.0,4.683551560330066e-05,0.00012864687596447766,263.4453150161643
syllable_no.wav,71,o,n,0.0,3.843031568675514e-05,0.00010330144868930802,263.4453150161643
syllable_no.wav,72,o,n,0.0,2.4888493631580784e-05,7.297134288819507e-05,263.4453150161643
syllable_no.wav,73,o,n,0.0,1.4746558959816474e-05,4.160567914368585e-05,263.4453150161643
syllable_no.wav,74,o,n,0.0,8.845598035414024e-06,2.1494095562957227e-05,263.4453150161643
syllable_no.wav,75,o,n,0.0,5.851406933718206e-06,1.9736186004593037e-05,263.4453150161643
syllable_no.wav,76,o,n,0.0,7.297358818273959e-06,2.114435119437985e-05,263.4453150161643
syllable_no.wav,77,o,n,0.0,6.2263498457917305e-06,1.694582351774443e-05,263.4453150161643
syllable_no.wav,78,o,n,0.0,5.204438306707559e-06,1.6614243577350862e-05,263.4453150161643
syllable_no.wav,79,o,n,0.0,5.456405181062899e-06,1.6838299416122027e-05,263.4453150161643
syllable_no.wav,80,o,n,0.0,3.1131073637504352e-06,1.1884335435752291e-05,263.4453150161643
syllable_no.wav,81,o,n,0.0,1.784805484316918e-06,5.899053576285951e-06,263.4453150161643
syllable_no.wav,82,o,n,0.0,1.1629452980061451e-06,3.3255048492719652e-06,263.4453150161643
syllable_no.wav,83,o,n,0.0,9.092497298677076e-07,2.3417605916620232e-06,263.4453150161643
syllable_no.wav,84,o,n,0.0,6.928425047085773e-07,1.9376841464691097e-06,263.4453150161643
